CanonicalName,DisplayName,PropertyKey,VarType,DefaultWidthChars,ViewFlags,Group
"Microsoft.Visio.MastersDetails","Masters keywords","{a4790b72-7113-4348-97ea-292bbc1f6770}, 6",31,20,0,"Visio"
"Microsoft.Visio.MastersKeywords","Masters keywords","{a4790b72-7113-4348-97ea-292bbc1f6770}, 5",31,20,0,"Visio"
"System.ActivityDate","Activity date","{30c8eef4-a832-41e2-ab32-e3c3ca28fd29}, 23",64,20,16,"ActivityDate"
"System.ActivityInfo","Activity","{30c8eef4-a832-41e2-ab32-e3c3ca28fd29}, 17",31,20,0,"ActivityInfo"
"System.AppUserModel.ActivationContext","Activation context","{9f4c2855-9f79-4b39-a8d0-e1d42de1d5f3}, 20",31,20,0,"AppUserModel"
"System.AppUserModel.BestShortcut","Best shortcut","{9f4c2855-9f79-4b39-a8d0-e1d42de1d5f3}, 10",1,20,0,"AppUserModel"
"System.AppUserModel.ExcludeFromShowInNewInstall","Exclude from show in new install","{9f4c2855-9f79-4b39-a8d0-e1d42de1d5f3}, 8",11,20,0,"AppUserModel"
"System.AppUserModel.HostEnvironment","Host environment","{9f4c2855-9f79-4b39-a8d0-e1d42de1d5f3}, 14",19,20,0,"AppUserModel"
"System.AppUserModel.ID","AppUserModelId","{9f4c2855-9f79-4b39-a8d0-e1d42de1d5f3}, 5",31,20,0,"AppUserModel"
"System.AppUserModel.InstalledBy","Installed by","{9f4c2855-9f79-4b39-a8d0-e1d42de1d5f3}, 18",19,20,0,"AppUserModel"
"System.AppUserModel.IsDestListLink","Is destination list link","{9f4c2855-9f79-4b39-a8d0-e1d42de1d5f3}, 7",11,20,0,"AppUserModel"
"System.AppUserModel.IsDestListSeparator","Is destination list separator","{9f4c2855-9f79-4b39-a8d0-e1d42de1d5f3}, 6",11,20,0,"AppUserModel"
"System.AppUserModel.IsDualMode","Is dual mode","{9f4c2855-9f79-4b39-a8d0-e1d42de1d5f3}, 11",11,20,0,"AppUserModel"
"System.AppUserModel.IsSystemComponent","Application represents a system component","{9f4c2855-9f79-4b39-a8d0-e1d42de1d5f3}, 40",11,20,0,"AppUserModel"
"System.AppUserModel.PackageFamilyName","Package family name","{9f4c2855-9f79-4b39-a8d0-e1d42de1d5f3}, 17",31,20,0,"AppUserModel"
"System.AppUserModel.PackageFullName","Package full name","{9f4c2855-9f79-4b39-a8d0-e1d42de1d5f3}, 21",31,20,0,"AppUserModel"
"System.AppUserModel.PackageInstallPath","Package install path","{9f4c2855-9f79-4b39-a8d0-e1d42de1d5f3}, 15",31,20,0,"AppUserModel"
"System.AppUserModel.PackageRelativeApplicationID","Package relative application ID","{9f4c2855-9f79-4b39-a8d0-e1d42de1d5f3}, 22",31,20,0,"AppUserModel"
"System.AppUserModel.ParentID","Parent id","{9f4c2855-9f79-4b39-a8d0-e1d42de1d5f3}, 19",31,20,0,"AppUserModel"
"System.AppUserModel.PreventPinning","Prevent pinning","{9f4c2855-9f79-4b39-a8d0-e1d42de1d5f3}, 9",11,20,0,"AppUserModel"
"System.AppUserModel.RecordState","Record state","{9f4c2855-9f79-4b39-a8d0-e1d42de1d5f3}, 16",19,20,0,"AppUserModel"
"System.AppUserModel.RelaunchCommand","Relaunch command","{9f4c2855-9f79-4b39-a8d0-e1d42de1d5f3}, 2",31,20,0,"AppUserModel"
"System.AppUserModel.RelaunchDisplayNameResource","Relaunch display name resource","{9f4c2855-9f79-4b39-a8d0-e1d42de1d5f3}, 4",31,20,0,"AppUserModel"
"System.AppUserModel.RelaunchIconResource","Relaunch icon resource","{9f4c2855-9f79-4b39-a8d0-e1d42de1d5f3}, 3",31,20,0,"AppUserModel"
"System.AppUserModel.Relevance","Relevance","{9f4c2855-9f79-4b39-a8d0-e1d42de1d5f3}, 13",5,20,0,"AppUserModel"
"System.AppUserModel.RunFlags","Run flags","{9f4c2855-9f79-4b39-a8d0-e1d42de1d5f3}, 25",19,20,0,"AppUserModel"
"System.AppUserModel.SettingsCommand","Settings command","{9f4c2855-9f79-4b39-a8d0-e1d42de1d5f3}, 38",31,20,0,"AppUserModel"
"System.AppUserModel.StartPinOption","Start pin option","{9f4c2855-9f79-4b39-a8d0-e1d42de1d5f3}, 12",19,20,0,"AppUserModel"
"System.AppUserModel.TileUniqueId","TileUniqueId","{9f4c2855-9f79-4b39-a8d0-e1d42de1d5f3}, 32",72,20,0,"AppUserModel"
"System.AppUserModel.ToastActivatorCLSID","ToastActivatorCLSID","{9f4c2855-9f79-4b39-a8d0-e1d42de1d5f3}, 26",72,20,0,"AppUserModel"
"System.AppUserModel.UninstallCommand","Uninstall command","{9f4c2855-9f79-4b39-a8d0-e1d42de1d5f3}, 37",31,20,0,"AppUserModel"
"System.AppUserModel.VisualElementsManifestHintPath","VisualElementsManifest hint path","{9f4c2855-9f79-4b39-a8d0-e1d42de1d5f3}, 31",31,20,0,"AppUserModel"
"System.ApplicationName","Program name","{f29f85e0-4ff9-1068-ab91-08002b27b3d9}, 18",31,20,0,"ApplicationName"
"System.Audio.ChannelCount","Channels","{64440490-4c8b-11d1-8b70-080036b11a03}, 7",19,20,0,"Audio"
"System.Audio.EncodingBitrate","Bit rate","{64440490-4c8b-11d1-8b70-080036b11a03}, 4",19,15,0,"Audio"
"System.Audio.Format","Audio format","{64440490-4c8b-11d1-8b70-080036b11a03}, 2",31,20,0,"Audio"
"System.Audio.SampleRate","Audio sample rate","{64440490-4c8b-11d1-8b70-080036b11a03}, 5",19,20,0,"Audio"
"System.Audio.SampleSize","Audio sample size","{64440490-4c8b-11d1-8b70-080036b11a03}, 6",19,20,0,"Audio"
"System.Author","Authors","{f29f85e0-4ff9-1068-ab91-08002b27b3d9}, 4",4127,9,0,"Author"
"System.Calendar.Duration","Duration","{293ca35a-09aa-4dd2-b180-1fe245728a52}, 100",31,20,0,"Calendar"
"System.Calendar.IsOnline","Is online","{bfee9149-e3e2-49a7-a862-c05988145cec}, 100",11,20,0,"Calendar"
"System.Calendar.IsRecurring","Is recurring","{315b9c8d-80a9-4ef9-ae16-8e746da51d70}, 100",11,20,0,"Calendar"
"System.Calendar.Location","Location","{f6272d18-cecc-40b1-b26a-3911717aa7bd}, 100",31,20,0,"Calendar"
"System.Calendar.OptionalAttendeeAddresses","Optional attendee addresses","{d55bae5a-3892-417a-a649-c6ac5aaaeab3}, 100",4127,20,0,"Calendar"
"System.Calendar.OptionalAttendeeNames","Optional attendees","{09429607-582d-437f-84c3-de93a2b24c3c}, 100",4127,20,0,"Calendar"
"System.Calendar.OrganizerAddress","Organizer address","{744c8242-4df5-456c-ab9e-014efb9021e3}, 100",31,20,0,"Calendar"
"System.Calendar.OrganizerName","Organizer name","{aaa660f9-9865-458e-b484-01bc7fe3973e}, 100",31,20,0,"Calendar"
"System.Calendar.ReminderTime","Reminder time","{72fc5ba4-24f9-4011-9f3f-add27afad818}, 100",64,20,16,"Calendar"
"System.Calendar.RequiredAttendeeAddresses","Required attendee addresses","{0ba7d6c3-568d-4159-ab91-781a91fb71e5}, 100",4127,20,0,"Calendar"
"System.Calendar.RequiredAttendeeNames","Required attendees","{b33af30b-f552-4584-936c-cb93e5cda29f}, 100",4127,20,0,"Calendar"
"System.Calendar.Resources","Resources","{00f58a38-c54b-4c40-8696-97235980eae1}, 100",4127,20,0,"Calendar"
"System.Calendar.ResponseStatus","Meeting status","{188c1f91-3c40-4132-9ec5-d8b03b72a8a2}, 100",18,20,0,"Calendar"
"System.Calendar.ShowTimeAs","Free/busy status","{5bf396d4-5eb2-466f-bde9-2fb3f2361d6e}, 100",18,20,0,"Calendar"
"System.Capacity","Total size","{9b174b35-40ff-11d2-a27e-00c04fc30871}, 3",21,20,0,"Capacity"
"System.Category","Categories","{d5cdd502-2e9c-101b-9397-08002b2cf9ae}, 2",4127,20,0,"Category"
"System.Comment","Comments","{f29f85e0-4ff9-1068-ab91-08002b27b3d9}, 6",31,23,512,"Comment"
"System.Communication.AccountName","Account name","{e3e0584c-b788-4a5a-bb20-7f5a44c9acdd}, 9",31,20,0,"Communication"
"System.Communication.DirectoryServer","Directory server","{12ea418f-d8cd-4cdf-9b23-457eaac7ff0d}, 100",31,20,0,"Communication"
"System.Communication.TaskStatus","Task status","{be1a72c6-9a1d-46b7-afe7-afaf8cef4999}, 100",18,20,0,"Communication"
"System.Company","Company","{d5cdd502-2e9c-101b-9397-08002b2cf9ae}, 15",31,23,0,"Company"
"System.Computer.DecoratedFreeSpace","Available space","{9b174b35-40ff-11d2-a27e-00c04fc30871}, 7",4117,20,0,"Computer"
"System.Computer.Description","Description","{28636aa6-953d-11d2-b5d6-00c04fd918d0}, 27",31,23,0,"Computer"
"System.Computer.DomainName","Domain","{5cde9f0e-1de4-4453-96a9-56e8832efa3d}, 1",31,20,0,"Computer"
"System.Computer.Memory","Memory","{fd9d9fc7-38ec-436d-8fc6-ec39bad301e6}, 101",31,20,0,"Computer"
"System.Computer.Processor","Processor","{fd9d9fc7-38ec-436d-8fc6-ec39bad301e6}, 100",31,20,0,"Computer"
"System.Computer.SimpleName","Computer","{28636aa6-953d-11d2-b5d6-00c04fd918d0}, 10",31,23,0,"Computer"
"System.Computer.Workgroup","Workgroup","{5cde9f0e-1de4-4453-96a9-56e8832efa3d}, 2",31,20,0,"Computer"
"System.ComputerName","Computer","{28636aa6-953d-11d2-b5d6-00c04fd918d0}, 5",31,23,0,"ComputerName"
"System.Contact.Anniversary","Anniversary","{9ad5badb-cea7-4470-a03d-b84e51b9949e}, 100",64,20,16,"Contact"
"System.Contact.AssistantName","Assistant's name","{cd102c9c-5540-4a88-a6f6-64e4981c8cd1}, 100",31,20,0,"Contact"
"System.Contact.AssistantTelephone","Assistant's phone","{9a93244d-a7ad-4ff8-9b99-45ee4cc09af6}, 100",31,20,0,"Contact"
"System.Contact.Birthday","Birthday","{176dc63c-2688-4e89-8143-a347800f25e9}, 47",64,20,16,"Contact"
"System.Contact.BusinessAddress","Business address","{730fb6dd-cf7c-426b-a03f-bd166cc9ee24}, 100",31,20,0,"Contact"
"System.Contact.BusinessAddressCity","Business city","{402b5934-ec5a-48c3-93e6-85e86a2d934e}, 100",31,20,0,"Contact"
"System.Contact.BusinessAddressCountry","Business country/region","{b0b87314-fcf6-4feb-8dff-a50da6af561c}, 100",31,20,0,"Contact"
"System.Contact.BusinessAddressPostOfficeBox","Business P.O. box","{bc4e71ce-17f9-48d5-bee9-021df0ea5409}, 100",31,20,0,"Contact"
"System.Contact.BusinessAddressPostalCode","Business postal code","{e1d4a09e-d758-4cd1-b6ec-34a8b5a73f80}, 100",31,20,0,"Contact"
"System.Contact.BusinessAddressState","Business state or province","{446f787f-10c4-41cb-a6c4-4d0343551597}, 100",31,20,0,"Contact"
"System.Contact.BusinessAddressStreet","Business street","{ddd1460f-c0bf-4553-8ce4-10433c908fb0}, 100",31,20,0,"Contact"
"System.Contact.BusinessFaxNumber","Business fax","{91eff6f3-2e27-42ca-933e-7c999fbe310b}, 100",31,20,0,"Contact"
"System.Contact.BusinessHomePage","Business home page","{56310920-2491-4919-99ce-eadb06fafdb2}, 100",31,20,0,"Contact"
"System.Contact.BusinessTelephone","Business phone","{6a15e5a0-0a1e-4cd7-bb8c-d2f1b0c929bc}, 100",31,20,0,"Contact"
"System.Contact.CallbackTelephone","Callback number","{bf53d1c3-49e0-4f7f-8567-5a821d8ac542}, 100",31,20,0,"Contact"
"System.Contact.CarTelephone","Car phone","{8fdc6dea-b929-412b-ba90-397a257465fe}, 100",31,20,0,"Contact"
"System.Contact.Children","Children","{d4729704-8ef1-43ef-9024-2bd381187fd5}, 100",4127,20,0,"Contact"
"System.Contact.CompanyMainTelephone","Company main phone","{8589e481-6040-473d-b171-7fa89c2708ed}, 100",31,20,0,"Contact"
"System.Contact.Department","Department","{fc9f7306-ff8f-4d49-9fb6-3ffe5c0951ec}, 100",31,20,0,"Contact"
"System.Contact.EmailAddress","E-mail address","{f8fa7fa3-d12b-4785-8a4e-691a94f7a3e7}, 100",31,20,0,"Contact"
"System.Contact.EmailAddress2","E-mail2","{38965063-edc8-4268-8491-b7723172cf29}, 100",31,20,0,"Contact"
"System.Contact.EmailAddress3","E-mail3","{644d37b4-e1b3-4bad-b099-7e7c04966aca}, 100",31,20,0,"Contact"
"System.Contact.EmailAddresses","E-mail list","{84d8f337-981d-44b3-9615-c7596dba17e3}, 100",4127,20,0,"Contact"
"System.Contact.EmailName","E-mail display name","{cc6f4f24-6083-4bd4-8754-674d0de87ab8}, 100",31,20,0,"Contact"
"System.Contact.FileAsName","File as","{f1a24aa7-9ca7-40f6-89ec-97def9ffe8db}, 100",31,20,0,"Contact"
"System.Contact.FirstName","First name","{14977844-6b49-4aad-a714-a4513bf60460}, 100",31,20,0,"Contact"
"System.Contact.FullName","Full name","{635e9051-50a5-4ba2-b9db-4ed056c77296}, 100",31,20,0,"Contact"
"System.Contact.Gender","Gender","{3c8cee58-d4f0-4cf9-b756-4e5d24447bcd}, 100",31,20,0,"Contact"
"System.Contact.GivenName","Given name","{176dc63c-2688-4e89-8143-a347800f25e9}, 70",31,20,0,"Contact"
"System.Contact.Hobbies","Hobbies","{5dc2253f-5e11-4adf-9cfe-910dd01e3e70}, 100",4127,20,0,"Contact"
"System.Contact.HomeAddress","Home address","{98f98354-617a-46b8-8560-5b1b64bf1f89}, 100",31,20,0,"Contact"
"System.Contact.HomeAddressCity","Home city","{176dc63c-2688-4e89-8143-a347800f25e9}, 65",31,20,0,"Contact"
"System.Contact.HomeAddressCountry","Home country/region","{08a65aa1-f4c9-43dd-9ddf-a33d8e7ead85}, 100",31,20,0,"Contact"
"System.Contact.HomeAddressPostOfficeBox","Home P.O. box","{7b9f6399-0a3f-4b12-89bd-4adc51c918af}, 100",31,20,0,"Contact"
"System.Contact.HomeAddressPostalCode","Home postal code","{8afcc170-8a46-4b53-9eee-90bae7151e62}, 100",31,20,0,"Contact"
"System.Contact.HomeAddressState","Home state or province","{c89a23d0-7d6d-4eb8-87d4-776a82d493e5}, 100",31,20,0,"Contact"
"System.Contact.HomeAddressStreet","Home street","{0adef160-db3f-4308-9a21-06237b16fa2a}, 100",31,20,0,"Contact"
"System.Contact.HomeFaxNumber","Home fax","{660e04d6-81ab-4977-a09f-82313113ab26}, 100",31,20,0,"Contact"
"System.Contact.HomeTelephone","Home phone","{176dc63c-2688-4e89-8143-a347800f25e9}, 20",31,20,0,"Contact"
"System.Contact.IMAddress","IM addresses","{d68dbd8a-3374-4b81-9972-3ec30682db3d}, 100",4127,20,0,"Contact"
"System.Contact.Initials","Initials","{f3d8f40d-50cb-44a2-9718-40cb9119495d}, 100",31,20,0,"Contact"
"System.Contact.JA.CompanyNamePhonetic","Company name pronunciation","{897b3694-fe9e-43e6-8066-260f590c0100}, 2",31,20,0,"Contact"
"System.Contact.JA.FirstNamePhonetic","First name (given name) pronunciation","{897b3694-fe9e-43e6-8066-260f590c0100}, 3",31,20,0,"Contact"
"System.Contact.JA.LastNamePhonetic","Last name (surname) pronunciation","{897b3694-fe9e-43e6-8066-260f590c0100}, 4",31,20,0,"Contact"
"System.Contact.JobTitle","Job title","{176dc63c-2688-4e89-8143-a347800f25e9}, 6",31,20,0,"Contact"
"System.Contact.Label","Label","{97b0ad89-df49-49cc-834e-660974fd755b}, 100",31,20,0,"Contact"
"System.Contact.LastName","Last name","{8f367200-c270-457c-b1d4-e07c5bcd90c7}, 100",31,20,0,"Contact"
"System.Contact.MailingAddress","Mailing address","{c0ac206a-827e-4650-95ae-77e2bb74fcc9}, 100",31,20,0,"Contact"
"System.Contact.MiddleName","Middle name","{176dc63c-2688-4e89-8143-a347800f25e9}, 71",31,20,0,"Contact"
"System.Contact.MobileTelephone","Cell phone","{176dc63c-2688-4e89-8143-a347800f25e9}, 35",31,20,0,"Contact"
"System.Contact.NickName","Nickname","{176dc63c-2688-4e89-8143-a347800f25e9}, 74",31,20,0,"Contact"
"System.Contact.OfficeLocation","Office location","{176dc63c-2688-4e89-8143-a347800f25e9}, 7",31,20,0,"Contact"
"System.Contact.OtherAddress","Other address","{508161fa-313b-43d5-83a1-c1accf68622c}, 100",31,20,0,"Contact"
"System.Contact.OtherAddressCity","Other city","{6e682923-7f7b-4f0c-a337-cfca296687bf}, 100",31,20,0,"Contact"
"System.Contact.OtherAddressCountry","Other country/region","{8f167568-0aae-4322-8ed9-6055b7b0e398}, 100",31,20,0,"Contact"
"System.Contact.OtherAddressPostOfficeBox","Other P.O. box","{8b26ea41-058f-43f6-aecc-4035681ce977}, 100",31,20,0,"Contact"
"System.Contact.OtherAddressPostalCode","Other postal code","{95c656c1-2abf-4148-9ed3-9ec602e3b7cd}, 100",31,20,0,"Contact"
"System.Contact.OtherAddressState","Other state or province","{71b377d6-e570-425f-a170-809fae73e54e}, 100",31,20,0,"Contact"
"System.Contact.OtherAddressStreet","Other street","{ff962609-b7d6-4999-862d-95180d529aea}, 100",31,20,0,"Contact"
"System.Contact.PagerTelephone","Pager","{d6304e01-f8f5-4f45-8b15-d024a6296789}, 100",31,20,0,"Contact"
"System.Contact.PersonalTitle","Personal title","{176dc63c-2688-4e89-8143-a347800f25e9}, 69",31,20,0,"Contact"
"System.Contact.PrimaryAddressCity","City","{c8ea94f0-a9e3-4969-a94b-9c62a95324e0}, 100",31,20,0,"Contact"
"System.Contact.PrimaryAddressCountry","Country/region","{e53d799d-0f3f-466e-b2ff-74634a3cb7a4}, 100",31,20,0,"Contact"
"System.Contact.PrimaryAddressPostOfficeBox","P.O. box","{de5ef3c7-46e1-484e-9999-62c5308394c1}, 100",31,20,0,"Contact"
"System.Contact.PrimaryAddressPostalCode","Postal code","{18bbd425-ecfd-46ef-b612-7b4a6034eda0}, 100",31,20,0,"Contact"
"System.Contact.PrimaryAddressState","State or province","{f1176dfe-7138-4640-8b4c-ae375dc70a6d}, 100",31,20,0,"Contact"
"System.Contact.PrimaryAddressStreet","Street","{63c25b20-96be-488f-8788-c09c407ad812}, 100",31,20,0,"Contact"
"System.Contact.PrimaryEmailAddress","Primary e-mail","{176dc63c-2688-4e89-8143-a347800f25e9}, 48",31,20,0,"Contact"
"System.Contact.PrimaryTelephone","Primary phone","{176dc63c-2688-4e89-8143-a347800f25e9}, 25",31,20,0,"Contact"
"System.Contact.Profession","Profession","{7268af55-1ce4-4f6e-a41f-b6e4ef10e4a9}, 100",31,20,0,"Contact"
"System.Contact.SpouseName","Spouse/Partner","{9d2408b6-3167-422b-82b0-f583b7a7cfe3}, 100",31,20,0,"Contact"
"System.Contact.Suffix","Suffix","{176dc63c-2688-4e89-8143-a347800f25e9}, 73",31,20,0,"Contact"
"System.Contact.TTYTDDTelephone","TTY/TTD phone","{aaf16bac-2b55-45e6-9f6d-415eb94910df}, 100",31,20,0,"Contact"
"System.Contact.TelexNumber","Telex","{c554493c-c1f7-40c1-a76c-ef8c0614003e}, 100",31,20,0,"Contact"
"System.Contact.WebPage","Webpage","{e3e0584c-b788-4a5a-bb20-7f5a44c9acdd}, 18",31,20,0,"Contact"
"System.ContainedItems","Includes","{28636aa6-953d-11d2-b5d6-00c04fd918d0}, 29",4168,20,0,"ContainedItems"
"System.ContentStatus","Content status","{d5cdd502-2e9c-101b-9397-08002b2cf9ae}, 27",31,20,0,"ContentStatus"
"System.ContentType","Content type","{d5cdd502-2e9c-101b-9397-08002b2cf9ae}, 26",31,20,0,"ContentType"
"System.Copyright","Copyright","{64440492-4c8b-11d1-8b70-080036b11a03}, 11",31,23,0,"Copyright"
"System.DRM.DatePlayExpires","Play expires","{aeac19e4-89ae-4508-b9b7-bb867abee2ed}, 6",64,20,16,"DRM"
"System.DRM.DatePlayStarts","Play starts","{aeac19e4-89ae-4508-b9b7-bb867abee2ed}, 5",64,20,16,"DRM"
"System.DRM.Description","License description","{aeac19e4-89ae-4508-b9b7-bb867abee2ed}, 3",31,20,0,"DRM"
"System.DRM.IsDisabled","Disabled","{aeac19e4-89ae-4508-b9b7-bb867abee2ed}, 7",11,20,0,"DRM"
"System.DRM.IsProtected","Protected","{aeac19e4-89ae-4508-b9b7-bb867abee2ed}, 2",11,10,0,"DRM"
"System.DRM.PlayCount","Plays remaining","{aeac19e4-89ae-4508-b9b7-bb867abee2ed}, 4",19,20,0,"DRM"
"System.DataObjectFormat","Data object format","{1e81a3f8-a30f-4247-b9ee-1d0368a9425c}, 2",4127,20,0,"DataObjectFormat"
"System.DateAccessed","Date accessed","{b725f130-47ef-101a-a5f1-02608c9eebac}, 16",64,20,16,"DateAccessed"
"System.DateAcquired","Date acquired","{2cbaa8f5-d81f-47ca-b17a-f8d822300131}, 100",64,20,16,"DateAcquired"
"System.DateArchived","Date archived","{43f8d7b7-a444-4f87-9383-52271c9b915c}, 100",64,20,16,"DateArchived"
"System.DateCompleted","Date completed","{72fab781-acda-43e5-b155-b2434f85e678}, 100",64,20,16,"DateCompleted"
"System.DateCreated","Date created","{b725f130-47ef-101a-a5f1-02608c9eebac}, 15",64,20,16,"DateCreated"
"System.DateImported","Date imported","{14b81da1-0135-4d31-96d9-6cbfc9671a99}, 18258",64,24,16,"DateImported"
"System.DateModified","Date modified","{b725f130-47ef-101a-a5f1-02608c9eebac}, 14",64,18,16,"DateModified"
"System.Device.PrinterURL","Printer URL","{0b48f35a-be6e-4f17-b108-3c4073d1669a}, 15",31,20,0,"Device"
"System.DeviceInterface.PrinterDriverDirectory","Printer driver directory","{847c66de-b8d6-4af9-abc3-6f4f926bc039}, 14",31,20,0,"DeviceInterface"
"System.DeviceInterface.PrinterDriverName","Driver name","{afc47170-14f5-498c-8f30-b0d19be449c6}, 11",31,20,0,"DeviceInterface"
"System.DeviceInterface.PrinterEnumerationFlag","Printer enumeration flag","{a00742a1-cd8c-4b37-95ab-70755587767a}, 3",19,20,0,"DeviceInterface"
"System.DeviceInterface.PrinterName","Printer name","{0a7b84ef-0c27-463f-84ef-06c5070001be}, 10",31,20,0,"DeviceInterface"
"System.DeviceInterface.PrinterPortName","Port name","{eec7b761-6f94-41b1-949f-c729720dd13c}, 12",31,20,0,"DeviceInterface"
"System.DeviceInterface.Proximity.SupportsNfc","Supports NFC","{fb3842cd-9e2a-4f83-8fcc-4b0761139ae9}, 2",11,20,0,"DeviceInterface"
"System.Devices.BatteryLife","Battery life","{49cd1f76-5626-4b17-a4e8-18b4aa1a2213}, 10",17,20,0,"Devices"
"System.Devices.BatteryPlusCharging","Battery plus charging","{49cd1f76-5626-4b17-a4e8-18b4aa1a2213}, 22",17,20,0,"Devices"
"System.Devices.BatteryPlusChargingText","Battery plus charging","{49cd1f76-5626-4b17-a4e8-18b4aa1a2213}, 23",31,20,0,"Devices"
"System.Devices.Category","Category","{78c34fc8-104a-4aca-9ea4-524d52996e57}, 91",4127,20,0,"Devices"
"System.Devices.CategoryGroup","Device category","{78c34fc8-104a-4aca-9ea4-524d52996e57}, 94",4127,20,0,"Devices"
"System.Devices.CategoryPlural","Category","{78c34fc8-104a-4aca-9ea4-524d52996e57}, 92",4127,20,0,"Devices"
"System.Devices.ChargingState","Battery charging state","{49cd1f76-5626-4b17-a4e8-18b4aa1a2213}, 11",17,20,0,"Devices"
"System.Devices.Connected","Connected","{78c34fc8-104a-4aca-9ea4-524d52996e57}, 55",11,20,0,"Devices"
"System.Devices.DefaultTooltip","Default state","{880f70a2-6082-47ac-8aab-a739d1a300c3}, 153",31,20,0,"Devices"
"System.Devices.DeviceDescription1","Description","{78c34fc8-104a-4aca-9ea4-524d52996e57}, 81",31,20,0,"Devices"
"System.Devices.DeviceDescription2","Description","{78c34fc8-104a-4aca-9ea4-524d52996e57}, 82",31,20,0,"Devices"
"System.Devices.DiscoveryMethod","Discovery method","{78c34fc8-104a-4aca-9ea4-524d52996e57}, 52",4127,20,0,"Devices"
"System.Devices.FriendlyName","Friendly name","{656a3bb3-ecc0-43fd-8477-4ae0404a96cd}, 12288",31,20,0,"Devices"
"System.Devices.IsDefault","Default state","{78c34fc8-104a-4aca-9ea4-524d52996e57}, 86",11,3,0,"Devices"
"System.Devices.IsNetworkConnected","Connection state","{78c34fc8-104a-4aca-9ea4-524d52996e57}, 85",11,3,0,"Devices"
"System.Devices.IsShared","Sharing state","{78c34fc8-104a-4aca-9ea4-524d52996e57}, 84",11,3,0,"Devices"
"System.Devices.IsSoftwareInstalling","Status","{83da6326-97a6-4088-9453-a1923f573b29}, 9",11,3,0,"Devices"
"System.Devices.LaunchDeviceStageFromExplorer","Launches device stage","{78c34fc8-104a-4aca-9ea4-524d52996e57}, 77",11,20,0,"Devices"
"System.Devices.LocalMachine","Local computer","{78c34fc8-104a-4aca-9ea4-524d52996e57}, 70",11,20,0,"Devices"
"System.Devices.Manufacturer","Manufacturer","{656a3bb3-ecc0-43fd-8477-4ae0404a96cd}, 8192",31,20,0,"Devices"
"System.Devices.MissedCalls","Missed calls","{49cd1f76-5626-4b17-a4e8-18b4aa1a2213}, 5",17,20,0,"Devices"
"System.Devices.ModelName","Model","{656a3bb3-ecc0-43fd-8477-4ae0404a96cd}, 8194",31,20,0,"Devices"
"System.Devices.ModelNumber","Model number","{656a3bb3-ecc0-43fd-8477-4ae0404a96cd}, 8195",31,20,0,"Devices"
"System.Devices.NetworkName","Network name","{49cd1f76-5626-4b17-a4e8-18b4aa1a2213}, 7",31,20,0,"Devices"
"System.Devices.NetworkType","Network type","{49cd1f76-5626-4b17-a4e8-18b4aa1a2213}, 8",31,20,0,"Devices"
"System.Devices.NetworkedTooltip","Connection state","{880f70a2-6082-47ac-8aab-a739d1a300c3}, 152",31,20,0,"Devices"
"System.Devices.NewPictures","New pictures","{49cd1f76-5626-4b17-a4e8-18b4aa1a2213}, 4",18,20,0,"Devices"
"System.Devices.NotWorkingProperly","Status","{78c34fc8-104a-4aca-9ea4-524d52996e57}, 83",11,3,0,"Devices"
"System.Devices.Notification","Notification property","{06704b0c-e830-4c81-9178-91e4e95a80a0}, 3",31,20,0,"Devices"
"System.Devices.NotificationStore","Notification store","{06704b0c-e830-4c81-9178-91e4e95a80a0}, 2",13,20,0,"Devices"
"System.Devices.Notifications.LowBattery","Low battery","{c4c07f2b-8524-4e66-ae3a-a6235f103beb}, 2",17,20,0,"Devices"
"System.Devices.Notifications.MissedCall","Missed call","{6614ef48-4efe-4424-9eda-c79f404edf3e}, 2",17,20,0,"Devices"
"System.Devices.Notifications.NewMessage","New message","{2be9260a-2012-4742-a555-f41b638b7dcb}, 2",17,20,0,"Devices"
"System.Devices.Notifications.NewVoicemail","New voicemail","{59569556-0a08-4212-95b9-fae2ad6413db}, 2",17,20,0,"Devices"
"System.Devices.Notifications.StorageFull","Storage full","{a0e00ee1-f0c7-4d41-b8e7-26a7bd8d38b0}, 2",21,20,0,"Devices"
"System.Devices.Notifications.StorageFullLinkText","Storage full link text","{a0e00ee1-f0c7-4d41-b8e7-26a7bd8d38b0}, 3",21,20,0,"Devices"
"System.Devices.Paired","Paired","{78c34fc8-104a-4aca-9ea4-524d52996e57}, 56",11,20,0,"Devices"
"System.Devices.PlaybackPositionPercent","Playback position percent","{3633de59-6825-4381-a49b-9f6ba13a1471}, 5",19,20,0,"Devices"
"System.Devices.PlaybackState","Playback state","{3633de59-6825-4381-a49b-9f6ba13a1471}, 2",17,20,0,"Devices"
"System.Devices.PlaybackTitle","Playback title","{3633de59-6825-4381-a49b-9f6ba13a1471}, 3",31,20,0,"Devices"
"System.Devices.PrimaryCategory","Classification","{d08dd4c0-3a9e-462e-8290-7b636b2576b9}, 10",31,20,0,"Devices"
"System.Devices.RemainingDuration","Remaining playing time","{3633de59-6825-4381-a49b-9f6ba13a1471}, 4",21,15,0,"Devices"
"System.Devices.Roaming","Roaming","{49cd1f76-5626-4b17-a4e8-18b4aa1a2213}, 9",17,20,0,"Devices"
"System.Devices.SafeRemovalRequired","Safe removal required","{afd97640-86a3-4210-b67c-289c41aabe55}, 2",11,20,0,"Devices"
"System.Devices.SharedTooltip","Sharing state","{880f70a2-6082-47ac-8aab-a739d1a300c3}, 151",31,20,0,"Devices"
"System.Devices.SignalStrength","Signal strength","{49cd1f76-5626-4b17-a4e8-18b4aa1a2213}, 2",17,20,0,"Devices"
"System.Devices.SmartCards.ReaderKind","Reader kind","{d6b5b883-18bd-4b4d-b2ec-9e38affeda82}, 2",17,20,0,"Devices"
"System.Devices.Status","Status","{d08dd4c0-3a9e-462e-8290-7b636b2576b9}, 259",4127,20,0,"Devices"
"System.Devices.Status1","Status","{d08dd4c0-3a9e-462e-8290-7b636b2576b9}, 257",31,20,0,"Devices"
"System.Devices.Status2","Status","{d08dd4c0-3a9e-462e-8290-7b636b2576b9}, 258",31,20,0,"Devices"
"System.Devices.StorageCapacity","Device capacity","{49cd1f76-5626-4b17-a4e8-18b4aa1a2213}, 12",21,20,0,"Devices"
"System.Devices.StorageFreeSpace","Device free space","{49cd1f76-5626-4b17-a4e8-18b4aa1a2213}, 13",21,20,0,"Devices"
"System.Devices.StorageFreeSpacePercent","Storage free space percent","{49cd1f76-5626-4b17-a4e8-18b4aa1a2213}, 14",19,20,0,"Devices"
"System.Devices.TextMessages","Text messages","{49cd1f76-5626-4b17-a4e8-18b4aa1a2213}, 3",17,20,0,"Devices"
"System.Devices.Voicemail","Voicemail","{49cd1f76-5626-4b17-a4e8-18b4aa1a2213}, 6",17,20,0,"Devices"
"System.Document.ByteCount","Byte count","{d5cdd502-2e9c-101b-9397-08002b2cf9ae}, 4",3,20,0,"Document"
"System.Document.CharacterCount","Character count","{f29f85e0-4ff9-1068-ab91-08002b27b3d9}, 16",3,20,0,"Document"
"System.Document.ClientID","Client ID","{276d7bb0-5b34-4fb0-aa4b-158ed12a1809}, 100",31,20,0,"Document"
"System.Document.Contributor","Contributors","{f334115e-da1b-4509-9b3d-119504dc7abb}, 100",4127,20,0,"Document"
"System.Document.DateCreated","Content created","{f29f85e0-4ff9-1068-ab91-08002b27b3d9}, 12",64,20,16,"Document"
"System.Document.DatePrinted","Last printed","{f29f85e0-4ff9-1068-ab91-08002b27b3d9}, 11",64,20,16,"Document"
"System.Document.DateSaved","Date last saved","{f29f85e0-4ff9-1068-ab91-08002b27b3d9}, 13",64,20,16,"Document"
"System.Document.Division","Division","{1e005ee6-bf27-428b-b01c-79676acd2870}, 100",31,20,0,"Document"
"System.Document.DocumentID","Document ID","{e08805c8-e395-40df-80d2-54f0d6c43154}, 100",31,20,0,"Document"
"System.Document.HiddenSlideCount","Hidden count","{d5cdd502-2e9c-101b-9397-08002b2cf9ae}, 9",3,20,0,"Document"
"System.Document.LastAuthor","Last saved by","{f29f85e0-4ff9-1068-ab91-08002b27b3d9}, 8",31,20,0,"Document"
"System.Document.LineCount","Line count","{d5cdd502-2e9c-101b-9397-08002b2cf9ae}, 5",3,20,0,"Document"
"System.Document.LinksDirty","Links dirty?","{d5cdd502-2e9c-101b-9397-08002b2cf9ae}, 16",11,20,0,"Document"
"System.Document.Manager","Manager","{d5cdd502-2e9c-101b-9397-08002b2cf9ae}, 14",31,20,0,"Document"
"System.Document.MultimediaClipCount","Multimedia clips","{d5cdd502-2e9c-101b-9397-08002b2cf9ae}, 10",3,20,0,"Document"
"System.Document.NoteCount","Notes","{d5cdd502-2e9c-101b-9397-08002b2cf9ae}, 8",3,20,0,"Document"
"System.Document.PageCount","Pages","{f29f85e0-4ff9-1068-ab91-08002b27b3d9}, 14",3,10,0,"Document"
"System.Document.ParagraphCount","Paragraph count","{d5cdd502-2e9c-101b-9397-08002b2cf9ae}, 6",3,20,0,"Document"
"System.Document.PresentationFormat","Presentation format","{d5cdd502-2e9c-101b-9397-08002b2cf9ae}, 3",31,20,0,"Document"
"System.Document.RevisionNumber","Revision number","{f29f85e0-4ff9-1068-ab91-08002b27b3d9}, 9",31,20,0,"Document"
"System.Document.Scale","Scale","{d5cdd502-2e9c-101b-9397-08002b2cf9ae}, 11",11,20,0,"Document"
"System.Document.SlideCount","Slides","{d5cdd502-2e9c-101b-9397-08002b2cf9ae}, 7",3,20,0,"Document"
"System.Document.Template","Template","{f29f85e0-4ff9-1068-ab91-08002b27b3d9}, 7",31,20,0,"Document"
"System.Document.TotalEditingTime","Total editing time","{f29f85e0-4ff9-1068-ab91-08002b27b3d9}, 10",21,15,0,"Document"
"System.Document.Version","Version number","{d5cdd502-2e9c-101b-9397-08002b2cf9ae}, 29",31,20,0,"Document"
"System.Document.WordCount","Word count","{f29f85e0-4ff9-1068-ab91-08002b27b3d9}, 15",3,20,0,"Document"
"System.DueDate","Due date","{3f8472b5-e0af-4db2-8071-c53fe76ae7ce}, 100",64,20,16,"DueDate"
"System.EndDate","End date","{c75faa05-96fd-49e7-9cb4-9f601082d553}, 100",64,20,16,"EndDate"
"System.FileAllocationSize","Size on disk","{b725f130-47ef-101a-a5f1-02608c9eebac}, 18",21,20,0,"FileAllocationSize"
"System.FileAttributes","Attributes","{b725f130-47ef-101a-a5f1-02608c9eebac}, 13",19,8,0,"FileAttributes"
"System.FileCount","File count","{28636aa6-953d-11d2-b5d6-00c04fd918d0}, 12",21,20,0,"FileCount"
"System.FileDescription","File description","{0cef7d53-fa64-11d1-a203-0000f81fedee}, 3",31,30,0,"FileDescription"
"System.FileExtension","File extension","{e4f10a3c-49e6-405d-8288-a23bd4eeaa6c}, 100",31,20,0,"FileExtension"
"System.FileName","Filename","{41cf5ae0-f75a-4806-bd87-59c7d9248eb9}, 100",31,24,0,"FileName"
"System.FileOperation.Action","Action","{65ab9702-37ae-462e-9446-1d41ab0cbc19}, 102",31,12,0,"FileOperation"
"System.FileOperation.Order","Plan order","{65ab9702-37ae-462e-9446-1d41ab0cbc19}, 104",19,20,0,"FileOperation"
"System.FileOperation.PlannedLocation","Planned location","{65ab9702-37ae-462e-9446-1d41ab0cbc19}, 105",31,20,0,"FileOperation"
"System.FileOperation.Target","Target","{65ab9702-37ae-462e-9446-1d41ab0cbc19}, 101",31,20,0,"FileOperation"
"System.FileOperation.Title","Operation","{65ab9702-37ae-462e-9446-1d41ab0cbc19}, 100",31,20,0,"FileOperation"
"System.FileOwner","Owner","{9b174b34-40ff-11d2-a27e-00c04fc30871}, 4",31,20,0,"FileOwner"
"System.FileVersion","File version","{0cef7d53-fa64-11d1-a203-0000f81fedee}, 4",31,20,0,"FileVersion"
"System.FlagColor","Flag color","{67df94de-0ca7-4d6f-b792-053a3e4f03cf}, 100",18,20,0,"FlagColor"
"System.FlagStatus","Flag status","{e3e0584c-b788-4a5a-bb20-7f5a44c9acdd}, 12",3,20,0,"FlagStatus"
"System.Fonts.ActiveStatus","Show/hide","{d6cf9145-d365-471b-bcb8-f0b4a96b891c}, 100",31,20,0,"Fonts"
"System.Fonts.Category","Category","{4b486401-5468-4381-9b5a-42df4cb49f53}, 100",31,20,0,"Fonts"
"System.Fonts.CollectionName","Collection","{f3aecac4-5b8d-436a-ad0c-64ab194fdaf3}, 100",31,20,0,"Fonts"
"System.Fonts.Description","Description","{3d658d4d-bc38-464a-b555-418d554a8df8}, 100",31,20,0,"Fonts"
"System.Fonts.DesignedFor","Designed for","{5741cf9c-56fe-485b-8901-4786449e188d}, 100",4127,20,0,"Fonts"
"System.Fonts.FamilyName","Family","{de9e220b-41d4-4690-8b6b-3d89e231eef1}, 100",31,20,0,"Fonts"
"System.Fonts.FileNames","Font file names","{4530d076-b598-4a81-8813-9b11286ef6ea}, 7",4127,20,0,"Fonts"
"System.Fonts.FontEmbeddability","Font embeddability","{4530d076-b598-4a81-8813-9b11286ef6ea}, 2",4127,20,0,"Fonts"
"System.Fonts.Styles","Font style","{596fd41b-af9b-4ba8-9b49-33b16f16678c}, 100",4127,20,0,"Fonts"
"System.Fonts.Type","Font type","{4530d076-b598-4a81-8813-9b11286ef6ea}, 5",31,20,0,"Fonts"
"System.Fonts.Vendors","Designer/foundry","{49753869-849c-4323-a41f-26d73f28b53b}, 100",4127,20,0,"Fonts"
"System.Fonts.Version","Font version","{fec7952b-4bf0-4c03-b6e1-2796818b7ca9}, 100",4127,20,0,"Fonts"
"System.FreeSpace","Space free","{9b174b35-40ff-11d2-a27e-00c04fc30871}, 2",21,20,0,"FreeSpace"
"System.GPS.Altitude","Altitude","{827edb4f-5b73-44a7-891d-fdffabea35ca}, 100",5,20,0,"GPS"
"System.GPS.Latitude","Latitude","{8727cfff-4868-4ec6-ad5b-81b98521d1ab}, 100",4101,20,0,"GPS"
"System.GPS.Longitude","Longitude","{c4c4dbb2-b593-466b-bbda-d03d27d5e43a}, 100",4101,20,0,"GPS"
"System.GPS.Satellites","Satellites","{467ee575-1f25-4557-ad4e-b8b58b0d9c15}, 100",31,20,0,"GPS"
"System.Game.Description","Description","{26b8d54f-371f-4aeb-8a84-9224aea4d40a}, 18",31,20,0,"Game"
"System.Game.Developer","Developer","{26b8d54f-371f-4aeb-8a84-9224aea4d40a}, 22",31,23,0,"Game"
"System.Game.DeveloperNoLink","Developer","{26b8d54f-371f-4aeb-8a84-9224aea4d40a}, 57",31,20,0,"Game"
"System.Game.Genre","Genre","{26b8d54f-371f-4aeb-8a84-9224aea4d40a}, 24",4127,20,0,"Game"
"System.Game.LastPlayed","Last played","{26b8d54f-371f-4aeb-8a84-9224aea4d40a}, 36",64,20,16,"Game"
"System.Game.NonOptionalRatingDescriptors","Non-optional content descriptors","{26b8d54f-371f-4aeb-8a84-9224aea4d40a}, 38",4127,20,0,"Game"
"System.Game.OptionalRatingDescriptors","Optional content descriptors","{26b8d54f-371f-4aeb-8a84-9224aea4d40a}, 37",4127,20,0,"Game"
"System.Game.Publisher","Publisher","{26b8d54f-371f-4aeb-8a84-9224aea4d40a}, 21",31,23,0,"Game"
"System.Game.PublisherNoLink","Publisher","{26b8d54f-371f-4aeb-8a84-9224aea4d40a}, 58",31,20,0,"Game"
"System.Game.Rating","Age rating","{26b8d54f-371f-4aeb-8a84-9224aea4d40a}, 28",31,20,0,"Game"
"System.Game.RatingDescriptors","Content descriptors","{26b8d54f-371f-4aeb-8a84-9224aea4d40a}, 31",4127,20,0,"Game"
"System.Game.RatingLong","Rating","{26b8d54f-371f-4aeb-8a84-9224aea4d40a}, 29",31,20,0,"Game"
"System.Game.RatingProviderName","Rating provider name","{26b8d54f-371f-4aeb-8a84-9224aea4d40a}, 39",31,20,0,"Game"
"System.Game.ReleaseDate","Release date","{26b8d54f-371f-4aeb-8a84-9224aea4d40a}, 19",64,20,16,"Game"
"System.Game.Restricted","Game restrictions","{26b8d54f-371f-4aeb-8a84-9224aea4d40a}, 52",19,20,0,"Game"
"System.Game.RichApplicationName","Game","{26b8d54f-371f-4aeb-8a84-9224aea4d40a}, 53",31,20,0,"Game"
"System.Game.RichComment","Comment","{26b8d54f-371f-4aeb-8a84-9224aea4d40a}, 56",31,30,0,"Game"
"System.Game.RichLevel","Level","{26b8d54f-371f-4aeb-8a84-9224aea4d40a}, 55",31,20,0,"Game"
"System.Game.RichSaveName","Save name","{26b8d54f-371f-4aeb-8a84-9224aea4d40a}, 54",31,20,0,"Game"
"System.Game.Type","Type","{6ccd0131-c397-4744-b2d8-d2c13f457026}, 80",31,20,0,"Game"
"System.Game.UpdateStatus","Update status","{c9b88dba-04db-4887-a200-cf0d3afe1146}, 99",31,20,0,"Game"
"System.Game.WinSPRMinimum","Required Windows Experience Index","{e6c3d9ad-7b32-4efe-a167-0a868ffdf3af}, 100",5,20,0,"Game"
"System.Game.WinSPRRecommended","Recommended Windows Experience Index","{b771b352-8692-42e6-ac33-cc7b062ad950}, 100",5,20,0,"Game"
"System.Generic.Boolean","Any Boolean value","{1e3ee840-bc2b-476c-8237-2acd1a839b22}, 15",11,20,0,"Generic"
"System.Generic.DateTime","Any date/time","{1e3ee840-bc2b-476c-8237-2acd1a839b22}, 14",64,20,16,"Generic"
"System.Generic.FloatingPoint","Any floating point number","{1e3ee840-bc2b-476c-8237-2acd1a839b22}, 16",5,20,0,"Generic"
"System.Generic.Integer","Any integer number","{1e3ee840-bc2b-476c-8237-2acd1a839b22}, 13",19,20,0,"Generic"
"System.Generic.String","Any text","{1e3ee840-bc2b-476c-8237-2acd1a839b22}, 12",31,20,0,"Generic"
"System.Home.Grouping","Group","{30c8eef4-a832-41e2-ab32-e3c3ca28fd29}, 2",19,20,0,"Home"
"System.Home.IsPinned","Pinned","{30c8eef4-a832-41e2-ab32-e3c3ca28fd29}, 4",11,3,0,"Home"
"System.Home.ItemFolderPathDisplay","Path","{30c8eef4-a832-41e2-ab32-e3c3ca28fd29}, 6",31,3,0,"Home"
"System.Home.RecommendationActivityDate","Activity date","{30c8eef4-a832-41e2-ab32-e3c3ca28fd29}, 22",64,20,16,"Home"
"System.Home.SortOrder","Group","{30c8eef4-a832-41e2-ab32-e3c3ca28fd29}, 3",19,20,0,"Home"
"System.HomeGroupSharingStatus","Sharing type","{4ac903f8-e780-4e4b-b7b8-4d00a99804fc}, 100",19,9,0,"HomeGroupSharingStatus"
"System.Identity","Identity","{a26f4afc-7346-4299-be47-eb1ae613139f}, 100",31,20,0,"Identity"
"System.Identity.Blob","Identity import/export blob","{8c3b93a4-baed-1a83-9a32-102ee313f6eb}, 100",65,20,0,"Identity"
"System.Identity.DisplayName","Display name","{7d683fc9-d155-45a8-bb1f-89d19bcb792f}, 100",31,20,0,"Identity"
"System.Identity.InternetSid","Identity internet SID","{6d6d5d49-265d-4688-9f4e-1fdd33e7cc83}, 100",31,20,0,"Identity"
"System.Identity.IsMeIdentity","Me identity","{a4108708-09df-4377-9dfc-6d99986d5a67}, 100",11,20,0,"Identity"
"System.Identity.KeyProviderContext","Identity key provider context","{a26f4afc-7346-4299-be47-eb1ae613139f}, 17",31,20,0,"Identity"
"System.Identity.KeyProviderName","Identity key provider name","{a26f4afc-7346-4299-be47-eb1ae613139f}, 16",31,20,0,"Identity"
"System.Identity.LogonStatusString","Identity user logon status string","{f18dedf3-337f-42c0-9e03-cee08708a8c3}, 100",31,20,0,"Identity"
"System.Identity.PrimaryEmailAddress","Primary e-mail address","{fcc16823-baed-4f24-9b32-a0982117f7fa}, 100",31,20,0,"Identity"
"System.Identity.PrimarySid","Identity primary SID","{2b1b801e-c0c1-4987-9ec5-72fa89814787}, 100",31,20,0,"Identity"
"System.Identity.ProviderData","Provider custom identity data","{a8a74b92-361b-4e9a-b722-7c4a7330a312}, 100",31,20,0,"Identity"
"System.Identity.ProviderID","Provider ID","{74a7de49-fa11-4d3d-a006-db7e08675916}, 100",72,20,0,"Identity"
"System.Identity.QualifiedUserName","Identity qualified user name","{da520e51-f4e9-4739-ac82-02e0a95c9030}, 100",31,20,0,"Identity"
"System.Identity.UniqueID","Identity ID","{e55fc3b0-2b60-4220-918e-b21e8bf16016}, 100",31,20,0,"Identity"
"System.Identity.UserName","Identity user name","{c4322503-78ca-49c6-9acc-a68e2afd7b6b}, 100",31,20,0,"Identity"
"System.IdentityProvider.Name","Identity provider name","{b96eff7b-35ca-4a35-8607-29e3a54c46ea}, 100",31,20,0,"IdentityProvider"
"System.IdentityProvider.Picture","Identity provider picture","{2425166f-5642-4864-992f-98fd98f294c3}, 100",31,20,0,"IdentityProvider"
"System.Image.BitDepth","Bit depth","{6444048f-4c8b-11d1-8b70-080036b11a03}, 7",19,20,0,"Image"
"System.Image.ColorSpace","Color representation","{14b81da1-0135-4d31-96d9-6cbfc9671a99}, 40961",18,20,0,"Image"
"System.Image.CompressedBitsPerPixel","Compressed bits/pixel","{364b6fa9-37ab-482a-be2b-ae02f60d4318}, 100",5,20,0,"Image"
"System.Image.Compression","Compression","{14b81da1-0135-4d31-96d9-6cbfc9671a99}, 259",18,20,0,"Image"
"System.Image.Dimensions","Dimensions","{6444048f-4c8b-11d1-8b70-080036b11a03}, 13",31,20,0,"Image"
"System.Image.HorizontalResolution","Horizontal resolution","{6444048f-4c8b-11d1-8b70-080036b11a03}, 5",5,20,0,"Image"
"System.Image.HorizontalSize","Width","{6444048f-4c8b-11d1-8b70-080036b11a03}, 3",19,20,0,"Image"
"System.Image.ImageID","Image ID","{10dabe05-32aa-4c29-bf1a-63e2d220587f}, 100",31,20,0,"Image"
"System.Image.ResolutionUnit","Resolution unit","{19b51fa6-1f92-4a5c-ab48-7df0abd67444}, 100",2,20,0,"Image"
"System.Image.VerticalResolution","Vertical resolution","{6444048f-4c8b-11d1-8b70-080036b11a03}, 6",5,20,0,"Image"
"System.Image.VerticalSize","Height","{6444048f-4c8b-11d1-8b70-080036b11a03}, 4",19,20,0,"Image"
"System.Importance","Importance","{e3e0584c-b788-4a5a-bb20-7f5a44c9acdd}, 11",3,3,0,"Importance"
"System.InternalName","Internal name","{0cef7d53-fa64-11d1-a203-0000f81fedee}, 5",31,20,0,"InternalName"
"System.IsAttachment","Is attachment","{f23f425c-71a1-4fa8-922f-678ea4a60408}, 100",11,3,0,"IsAttachment"
"System.IsDeleted","Is deleted","{5cda5fc8-33ee-4ff3-9094-ae7bd8868c4d}, 100",11,3,0,"IsDeleted"
"System.IsEncrypted","Encryption status","{90e5e14e-648b-4826-b2aa-acaf790e3513}, 10",11,3,0,"IsEncrypted"
"System.IsFlagged","Has flag","{5da84765-e3ff-4278-86b0-a27967fbdd03}, 100",11,3,0,"IsFlagged"
"System.IsFlaggedComplete","Is completed","{a6f360d2-55f9-48de-b909-620e090a647c}, 100",11,3,0,"IsFlaggedComplete"
"System.IsIncomplete","Incomplete","{346c8bd1-2e6a-4c45-89a4-61b78e8e700f}, 100",11,3,0,"IsIncomplete"
"System.IsRead","Read status","{e3e0584c-b788-4a5a-bb20-7f5a44c9acdd}, 10",11,3,0,"IsRead"
"System.IsShared","Shared","{ef884c5b-2bfe-41bb-aae5-76eedf4f9902}, 100",11,3,0,"IsShared"
"System.ItemAuthors","Creators","{d0a04f0a-462a-48a4-bb2f-3706e88dbd7d}, 100",4127,20,0,"ItemAuthors"
"System.ItemDate","Date","{f7db74b4-4287-4103-afba-f1b13dcd75cf}, 100",64,20,16,"ItemDate"
"System.ItemFolderNameDisplay","Folder name","{b725f130-47ef-101a-a5f1-02608c9eebac}, 2",31,20,0,"ItemFolderNameDisplay"
"System.ItemFolderPathDisplay","File location","{e3e0584c-b788-4a5a-bb20-7f5a44c9acdd}, 6",31,15,0,"ItemFolderPathDisplay"
"System.ItemFolderPathDisplayNarrow","Folder","{dabd30ed-0043-4789-a7f8-d013a4736622}, 100",31,15,0,"ItemFolderPathDisplayNarrow"
"System.ItemFolderPathDisplayNarrowNamespaceRelative","Folder path","{dabd30ed-0043-4789-a7f8-d013a4736622}, 101",31,15,0,"ItemFolderPathDisplayNarrowNamespaceRelative"
"System.ItemNameDisplay","Name","{b725f130-47ef-101a-a5f1-02608c9eebac}, 10",31,20,0,"ItemNameDisplay"
"System.ItemParticipants","Participants","{d4d0aa16-9948-41a4-aa85-d97ff9646993}, 100",4127,20,0,"ItemParticipants"
"System.ItemPathDisplay","Path","{e3e0584c-b788-4a5a-bb20-7f5a44c9acdd}, 7",31,20,0,"ItemPathDisplay"
"System.ItemPathDisplayNarrow","Path","{28636aa6-953d-11d2-b5d6-00c04fd918d0}, 8",31,60,0,"ItemPathDisplayNarrow"
"System.ItemSearchLocation","By location","{23620678-ccd4-47c0-9963-95a8405678a3}, 100",31,20,0,"ItemSearchLocation"
"System.ItemType","Item type","{28636aa6-953d-11d2-b5d6-00c04fd918d0}, 11",31,15,0,"ItemType"
"System.ItemTypeText","Type","{b725f130-47ef-101a-a5f1-02608c9eebac}, 4",31,15,0,"ItemTypeText"
"System.Journal.Contacts","Contact names","{dea7c82c-1d89-4a66-9427-a4e3debabcb1}, 100",4127,20,0,"Journal"
"System.Journal.EntryType","Entry type","{95beb1fc-326d-4644-b396-cd3ed90e6ddf}, 100",31,20,0,"Journal"
"System.Keywords","Tags","{f29f85e0-4ff9-1068-ab91-08002b27b3d9}, 5",4127,11,0,"Keywords"
"System.Kind","Kind","{1e3ee840-bc2b-476c-8237-2acd1a839b22}, 3",4127,20,0,"Kind"
"System.LOGON.AuthenticationPackage","Authentication package","{705d8364-7547-468c-8c88-84860bcbed4c}, 201",31,20,0,"LOGON"
"System.LOGON.ClientName","Client name","{705d8364-7547-468c-8c88-84860bcbed4c}, 207",31,20,0,"LOGON"
"System.LOGON.DnsDomainName","DNS domain name","{705d8364-7547-468c-8c88-84860bcbed4c}, 205",31,20,0,"LOGON"
"System.LOGON.LUID","LUID","{705d8364-7547-468c-8c88-84860bcbed4c}, 200",21,20,0,"LOGON"
"System.LOGON.LogonServer","Logon server","{705d8364-7547-468c-8c88-84860bcbed4c}, 204",31,20,0,"LOGON"
"System.LOGON.LogonTime","Logon time","{705d8364-7547-468c-8c88-84860bcbed4c}, 203",21,20,0,"LOGON"
"System.LOGON.Status","Status","{705d8364-7547-468c-8c88-84860bcbed4c}, 209",19,20,0,"LOGON"
"System.LOGON.TSSession","TS session","{705d8364-7547-468c-8c88-84860bcbed4c}, 202",19,20,0,"LOGON"
"System.LOGON.UPN","UPN","{705d8364-7547-468c-8c88-84860bcbed4c}, 206",31,20,0,"LOGON"
"System.LOGON.WinStationName","Session","{705d8364-7547-468c-8c88-84860bcbed4c}, 208",31,20,0,"LOGON"
"System.Language","Language","{d5cdd502-2e9c-101b-9397-08002b2cf9ae}, 28",31,20,0,"Language"
"System.Launcher.AppState","App state","{0ded77b3-c614-456c-ae5b-285b38d7b01b}, 7",19,20,0,"Launcher"
"System.Launcher.GroupID","Group ID","{0ded77b3-c614-456c-ae5b-285b38d7b01b}, 3",21,20,0,"Launcher"
"System.Launcher.Order","Order","{0ded77b3-c614-456c-ae5b-285b38d7b01b}, 2",21,20,0,"Launcher"
"System.Launcher.SplashScreenImagePath","Splash screen path","{0ded77b3-c614-456c-ae5b-285b38d7b01b}, 10",31,20,0,"Launcher"
"System.Launcher.TileSize","Tile size","{0ded77b3-c614-456c-ae5b-285b38d7b01b}, 8",19,20,0,"Launcher"
"System.Launcher.ViewID","View ID","{0ded77b3-c614-456c-ae5b-285b38d7b01b}, 6",19,20,0,"Launcher"
"System.Launcher.WinStoreCategoryId","Store category identifier","{0ded77b3-c614-456c-ae5b-285b38d7b01b}, 21",19,20,0,"Launcher"
"System.LibraryLocationsCount","Library includes","{908696c7-8f87-44f2-80ed-a8c1c6894575}, 2",31,20,0,"LibraryLocationsCount"
"System.Link.Arguments","Arguments","{436f2667-14e2-4feb-b30a-146c53b5b674}, 100",31,20,0,"Link"
"System.Link.Comment","Notes","{b9b4b3fc-2b51-4a42-b5d8-324146afcf25}, 5",31,20,0,"Link"
"System.Link.DateVisited","Date visited","{5cbf2787-48cf-4208-b90e-ee5e5d420294}, 23",64,20,16,"Link"
"System.Link.Description","Description","{5cbf2787-48cf-4208-b90e-ee5e5d420294}, 21",31,20,0,"Link"
"System.Link.Status","Link status","{b9b4b3fc-2b51-4a42-b5d8-324146afcf25}, 3",3,20,0,"Link"
"System.Link.TargetParsingPath","Link target","{b9b4b3fc-2b51-4a42-b5d8-324146afcf25}, 2",31,20,0,"Link"
"System.Link.TargetUrl","URL","{5cbf2787-48cf-4208-b90e-ee5e5d420294}, 2",31,20,0,"Link"
"System.LzhFolder.CRC16","CRC-16","{4f289a46-2bbb-4ae8-9eda-e5e034707a71}, 3",1,10,0,"LzhFolder"
"System.LzhFolder.CompressedSize","Compressed size","{4f289a46-2bbb-4ae8-9eda-e5e034707a71}, 2",21,12,0,"LzhFolder"
"System.LzhFolder.Method","Method","{4f289a46-2bbb-4ae8-9eda-e5e034707a71}, 4",1,6,0,"LzhFolder"
"System.LzhFolder.Ratio","Ratio","{4f289a46-2bbb-4ae8-9eda-e5e034707a71}, 5",19,6,0,"LzhFolder"
"System.Media.AuthorUrl","Author URL","{64440492-4c8b-11d1-8b70-080036b11a03}, 32",31,20,0,"Media"
"System.Media.ClassPrimaryID","Media class primary ID","{64440492-4c8b-11d1-8b70-080036b11a03}, 13",31,20,0,"Media"
"System.Media.ClassSecondaryID","Media class secondary ID","{64440492-4c8b-11d1-8b70-080036b11a03}, 14",31,20,0,"Media"
"System.Media.CollectionGroupID","Collection group ID","{64440492-4c8b-11d1-8b70-080036b11a03}, 24",31,20,0,"Media"
"System.Media.CollectionID","Collection ID","{64440492-4c8b-11d1-8b70-080036b11a03}, 25",31,20,0,"Media"
"System.Media.ContentDistributor","Content provider","{64440492-4c8b-11d1-8b70-080036b11a03}, 18",31,20,0,"Media"
"System.Media.ContentID","Content ID","{64440492-4c8b-11d1-8b70-080036b11a03}, 26",31,20,0,"Media"
"System.Media.CreatorApplication","Tool name","{64440492-4c8b-11d1-8b70-080036b11a03}, 27",31,20,0,"Media"
"System.Media.CreatorApplicationVersion","Tool version","{64440492-4c8b-11d1-8b70-080036b11a03}, 28",31,20,0,"Media"
"System.Media.DVDID","DVD ID","{64440492-4c8b-11d1-8b70-080036b11a03}, 15",31,20,0,"Media"
"System.Media.DateEncoded","Media created","{2e4b640d-5019-46d8-8881-55414cc5caa0}, 100",64,20,16,"Media"
"System.Media.DateReleased","Date released","{de41cc29-6971-4290-b472-f59f2e2f31e2}, 100",31,20,0,"Media"
"System.Media.Duration","Length","{64440490-4c8b-11d1-8b70-080036b11a03}, 3",21,15,0,"Media"
"System.Media.EncodedBy","Encoded by","{64440492-4c8b-11d1-8b70-080036b11a03}, 36",31,20,0,"Media"
"System.Media.EncodingSettings","Encoding settings","{64440492-4c8b-11d1-8b70-080036b11a03}, 37",31,20,0,"Media"
"System.Media.EpisodeNumber","Episode number","{64440492-4c8b-11d1-8b70-080036b11a03}, 100",19,10,0,"Media"
"System.Media.FrameCount","Frame count","{6444048f-4c8b-11d1-8b70-080036b11a03}, 12",19,20,0,"Media"
"System.Media.MCDI","MCDI","{64440492-4c8b-11d1-8b70-080036b11a03}, 16",31,20,0,"Media"
"System.Media.MetadataContentProvider","Provider","{64440492-4c8b-11d1-8b70-080036b11a03}, 17",31,20,0,"Media"
"System.Media.Producer","Producers","{64440492-4c8b-11d1-8b70-080036b11a03}, 22",4127,20,0,"Media"
"System.Media.PromotionUrl","Promotion URL","{64440492-4c8b-11d1-8b70-080036b11a03}, 33",31,20,0,"Media"
"System.Media.ProtectionType","Protection type","{64440492-4c8b-11d1-8b70-080036b11a03}, 38",31,20,0,"Media"
"System.Media.ProviderRating","Provider rating","{64440492-4c8b-11d1-8b70-080036b11a03}, 39",31,20,0,"Media"
"System.Media.ProviderStyle","Provider style","{64440492-4c8b-11d1-8b70-080036b11a03}, 40",31,20,0,"Media"
"System.Media.Publisher","Publisher","{64440492-4c8b-11d1-8b70-080036b11a03}, 30",31,20,0,"Media"
"System.Media.SeasonNumber","Season number","{64440492-4c8b-11d1-8b70-080036b11a03}, 101",19,10,0,"Media"
"System.Media.SeriesName","Series name","{64440492-4c8b-11d1-8b70-080036b11a03}, 42",31,20,0,"Media"
"System.Media.Status","Media status","{64440492-4c8b-11d1-8b70-080036b11a03}, 7",19,20,0,"Media"
"System.Media.SubTitle","Subtitle","{56a3372e-ce9c-11d2-9f0e-006097c686f6}, 38",31,20,0,"Media"
"System.Media.ThumbnailLargePath","Large thumbnail path","{64440492-4c8b-11d1-8b70-080036b11a03}, 47",31,20,0,"Media"
"System.Media.ThumbnailLargeUri","Large thumbnail uri","{64440492-4c8b-11d1-8b70-080036b11a03}, 48",31,20,0,"Media"
"System.Media.ThumbnailSmallPath","Small thumbnail path","{64440492-4c8b-11d1-8b70-080036b11a03}, 49",31,20,0,"Media"
"System.Media.ThumbnailSmallUri","Small thumbnail uri","{64440492-4c8b-11d1-8b70-080036b11a03}, 50",31,20,0,"Media"
"System.Media.UniqueFileIdentifier","Unique file ID","{64440492-4c8b-11d1-8b70-080036b11a03}, 35",31,20,0,"Media"
"System.Media.UserNoAutoInfo","No auto info","{64440492-4c8b-11d1-8b70-080036b11a03}, 41",31,20,0,"Media"
"System.Media.UserWebUrl","User web URL","{64440492-4c8b-11d1-8b70-080036b11a03}, 34",31,20,0,"Media"
"System.Media.Writer","Writers","{64440492-4c8b-11d1-8b70-080036b11a03}, 23",4127,20,0,"Media"
"System.Media.Year","Year","{56a3372e-ce9c-11d2-9f0e-006097c686f6}, 5",19,10,0,"Media"
"System.Message.AttachmentContents","Attachment","{3143bf7c-80a8-4854-8880-e2e40189bdd0}, 100",31,20,0,"Message"
"System.Message.AttachmentNames","Attachments","{e3e0584c-b788-4a5a-bb20-7f5a44c9acdd}, 21",4127,20,0,"Message"
"System.Message.BccAddress","Bcc addresses","{e3e0584c-b788-4a5a-bb20-7f5a44c9acdd}, 2",4127,20,0,"Message"
"System.Message.BccName","Bcc","{e3e0584c-b788-4a5a-bb20-7f5a44c9acdd}, 3",4127,20,0,"Message"
"System.Message.CcAddress","Cc addresses","{e3e0584c-b788-4a5a-bb20-7f5a44c9acdd}, 4",4127,20,0,"Message"
"System.Message.CcName","Cc","{e3e0584c-b788-4a5a-bb20-7f5a44c9acdd}, 5",4127,20,0,"Message"
"System.Message.ConversationID","Conversation ID","{dc8f80bd-af1e-4289-85b6-3dfc1b493992}, 100",31,20,0,"Message"
"System.Message.DateReceived","Date received","{e3e0584c-b788-4a5a-bb20-7f5a44c9acdd}, 20",64,20,16,"Message"
"System.Message.DateSent","Date sent","{e3e0584c-b788-4a5a-bb20-7f5a44c9acdd}, 19",64,20,16,"Message"
"System.Message.FromAddress","From addresses","{e3e0584c-b788-4a5a-bb20-7f5a44c9acdd}, 13",4127,20,0,"Message"
"System.Message.FromName","From","{e3e0584c-b788-4a5a-bb20-7f5a44c9acdd}, 14",4127,20,0,"Message"
"System.Message.HasAttachments","Has attachments","{9c1fcf74-2d97-41ba-b4ae-cb2e3661a6e4}, 8",11,4,0,"Message"
"System.Message.SenderAddress","Sender address","{0be1c8e7-1981-4676-ae14-fdd78f05a6e7}, 100",31,20,0,"Message"
"System.Message.SenderName","Sender name","{0da41cfa-d224-4a18-ae2f-596158db4b3a}, 100",31,20,0,"Message"
"System.Message.Store","Store","{e3e0584c-b788-4a5a-bb20-7f5a44c9acdd}, 15",31,20,0,"Message"
"System.Message.ToAddress","To addresses","{e3e0584c-b788-4a5a-bb20-7f5a44c9acdd}, 16",4127,20,0,"Message"
"System.Message.ToDoTitle","To do title","{bccc8a3c-8cef-42e5-9b1c-c69079398bc7}, 100",31,20,0,"Message"
"System.Message.ToName","To","{e3e0584c-b788-4a5a-bb20-7f5a44c9acdd}, 17",4127,20,0,"Message"
"System.MileageInformation","Mileage","{fdf84370-031a-4add-9e91-0d775f1c6605}, 100",31,20,0,"MileageInformation"
"System.MsGraph.DateLastShared","Date shared","{4f85567e-fff0-4df5-b1d9-98b314ff0729}, 9",64,20,16,"MsGraph"
"System.MsGraph.SharedByName","Shared by","{4f85567e-fff0-4df5-b1d9-98b314ff0729}, 10",31,20,0,"MsGraph"
"System.Music.AlbumArtist","Album artist","{56a3372e-ce9c-11d2-9f0e-006097c686f6}, 13",31,15,0,"Music"
"System.Music.AlbumArtistSortOverride","Sort album artist","{f1fdb4af-f78c-466c-bb05-56e92db0b8ec}, 103",31,15,0,"Music"
"System.Music.AlbumID","Album ID","{56a3372e-ce9c-11d2-9f0e-006097c686f6}, 100",31,17,0,"Music"
"System.Music.AlbumTitle","Album","{56a3372e-ce9c-11d2-9f0e-006097c686f6}, 4",31,17,0,"Music"
"System.Music.AlbumTitleSortOverride","Sort album","{13eb7ffc-ec89-4346-b19d-ccc6f1784223}, 101",31,17,0,"Music"
"System.Music.Artist","Contributing artists","{56a3372e-ce9c-11d2-9f0e-006097c686f6}, 2",4127,15,0,"Music"
"System.Music.ArtistSortOverride","Sort contributing artists","{deeb2db5-0696-4ce0-94fe-a01f77a45fb5}, 102",4127,15,0,"Music"
"System.Music.BeatsPerMinute","Beats-per-minute","{56a3372e-ce9c-11d2-9f0e-006097c686f6}, 35",31,20,0,"Music"
"System.Music.Composer","Composers","{64440492-4c8b-11d1-8b70-080036b11a03}, 19",4127,20,0,"Music"
"System.Music.ComposerSortOverride","Sort composer","{00bc20a3-bd48-4085-872c-a88d77f5097e}, 105",4127,15,0,"Music"
"System.Music.Conductor","Conductors","{56a3372e-ce9c-11d2-9f0e-006097c686f6}, 36",4127,20,0,"Music"
"System.Music.ContentGroupDescription","Group description","{56a3372e-ce9c-11d2-9f0e-006097c686f6}, 33",31,20,0,"Music"
"System.Music.DiscNumber","Disc","{6afe7437-9bcd-49c7-80fe-4a5c65fa5874}, 104",19,5,0,"Music"
"System.Music.Genre","Genre","{56a3372e-ce9c-11d2-9f0e-006097c686f6}, 11",4127,13,0,"Music"
"System.Music.InitialKey","Initial key","{56a3372e-ce9c-11d2-9f0e-006097c686f6}, 34",31,20,0,"Music"
"System.Music.IsCompilation","Part of a compilation","{c449d5cb-9ea4-4809-82e8-af9d59ded6d1}, 100",11,20,0,"Music"
"System.Music.Lyrics","Lyrics","{56a3372e-ce9c-11d2-9f0e-006097c686f6}, 12",31,20,0,"Music"
"System.Music.Mood","Mood","{56a3372e-ce9c-11d2-9f0e-006097c686f6}, 39",31,20,0,"Music"
"System.Music.PartOfSet","Part of set","{56a3372e-ce9c-11d2-9f0e-006097c686f6}, 37",31,20,0,"Music"
"System.Music.Period","Period","{64440492-4c8b-11d1-8b70-080036b11a03}, 31",31,20,0,"Music"
"System.Music.TrackNumber","#","{56a3372e-ce9c-11d2-9f0e-006097c686f6}, 7",19,5,0,"Music"
"System.NetworkLocation","Network location","{28636aa6-953d-11d2-b5d6-00c04fd918d0}, 4",31,23,0,"NetworkLocation"
"System.Note.Color","Color","{4776cafa-bce4-4cb1-a23e-265e76d8eb11}, 100",18,20,0,"Note"
"System.OfflineAvailability","Availability","{a94688b6-7d9f-4570-a648-e3dfc0ab2b3f}, 100",19,20,0,"OfflineAvailability"
"System.OfflineFiles.CreatedOffline","Created offline","{25a73d40-cbba-46f7-980d-b346cc767a4c}, 1",11,20,0,"OfflineFiles"
"System.OfflineFiles.DeletedOffline","Deleted offline","{25a73d40-cbba-46f7-980d-b346cc767a4c}, 2",11,20,0,"OfflineFiles"
"System.OfflineFiles.Encrypted","Encrypted","{25a73d40-cbba-46f7-980d-b346cc767a4c}, 15",11,20,0,"OfflineFiles"
"System.OfflineFiles.Modified","Modified","{25a73d40-cbba-46f7-980d-b346cc767a4c}, 3",11,20,0,"OfflineFiles"
"System.OfflineFiles.ModifiedAttributes","Modified attributes","{25a73d40-cbba-46f7-980d-b346cc767a4c}, 4",11,20,0,"OfflineFiles"
"System.OfflineFiles.ModifiedData","Modified data","{25a73d40-cbba-46f7-980d-b346cc767a4c}, 5",11,20,0,"OfflineFiles"
"System.OfflineFiles.ModifiedTime","Modified time","{25a73d40-cbba-46f7-980d-b346cc767a4c}, 6",11,20,0,"OfflineFiles"
"System.OfflineFiles.Pinned","Pinned","{25a73d40-cbba-46f7-980d-b346cc767a4c}, 7",11,20,0,"OfflineFiles"
"System.OfflineFiles.PinnedForComputer","Pinned (computer)","{25a73d40-cbba-46f7-980d-b346cc767a4c}, 8",11,20,0,"OfflineFiles"
"System.OfflineFiles.PinnedForFolderRedirection","Pinned (redirection)","{25a73d40-cbba-46f7-980d-b346cc767a4c}, 9",11,20,0,"OfflineFiles"
"System.OfflineFiles.PinnedForUser","Pinned (user)","{25a73d40-cbba-46f7-980d-b346cc767a4c}, 10",11,20,0,"OfflineFiles"
"System.OfflineFiles.PinnedForUserByPolicy","Pinned (user policy)","{25a73d40-cbba-46f7-980d-b346cc767a4c}, 11",11,20,0,"OfflineFiles"
"System.OfflineFiles.Sparse","Sparse","{25a73d40-cbba-46f7-980d-b346cc767a4c}, 12",11,20,0,"OfflineFiles"
"System.OfflineFiles.Suspended","Suspended","{25a73d40-cbba-46f7-980d-b346cc767a4c}, 13",11,20,0,"OfflineFiles"
"System.OfflineFiles.SuspendedRoot","Suspended root","{25a73d40-cbba-46f7-980d-b346cc767a4c}, 14",11,20,0,"OfflineFiles"
"System.OfflineStatus","Offline status","{6d24888f-4718-4bda-afed-ea0fb4386cd8}, 100",19,20,0,"OfflineStatus"
"System.Order","Order","{28636aa6-953d-11d2-b5d6-00c04fd918d0}, 26",3,9,0,"Order"
"System.OriginalFileName","Original filename","{0cef7d53-fa64-11d1-a203-0000f81fedee}, 6",31,20,0,"OriginalFileName"
"System.PROFILE.GUID","Profile GUID","{705d8364-7547-468c-8c88-84860bcbed4c}, 501",31,20,0,"PROFILE"
"System.PROFILE.Path","Profile path","{705d8364-7547-468c-8c88-84860bcbed4c}, 500",31,20,0,"PROFILE"
"System.ParentalRating","Parental rating","{64440492-4c8b-11d1-8b70-080036b11a03}, 21",31,20,0,"ParentalRating"
"System.ParentalRatingReason","Parental rating reason","{10984e0a-f9f2-4321-b7ef-baf195af4319}, 100",31,20,0,"ParentalRatingReason"
"System.ParentalRatingsOrganization","Parental ratings organization","{a7fe0840-1344-46f0-8d37-52ed712a4bf9}, 100",31,20,0,"ParentalRatingsOrganization"
"System.PerceivedType","Perceived type","{28636aa6-953d-11d2-b5d6-00c04fd918d0}, 9",3,20,0,"PerceivedType"
"System.PercentFull","Space used","{9b174b35-40ff-11d2-a27e-00c04fc30871}, 5",19,20,0,"PercentFull"
"System.Photo.Aperture","Aperture","{14b81da1-0135-4d31-96d9-6cbfc9671a99}, 37378",5,20,0,"Photo"
"System.Photo.Brightness","Brightness","{1a701bf6-478c-4361-83ab-3701bb053c58}, 100",5,20,0,"Photo"
"System.Photo.CameraManufacturer","Camera maker","{14b81da1-0135-4d31-96d9-6cbfc9671a99}, 271",31,20,0,"Photo"
"System.Photo.CameraModel","Camera model","{14b81da1-0135-4d31-96d9-6cbfc9671a99}, 272",31,20,0,"Photo"
"System.Photo.CameraSerialNumber","Camera serial number","{14b81da1-0135-4d31-96d9-6cbfc9671a99}, 273",31,20,0,"Photo"
"System.Photo.Contrast","Contrast","{2a785ba9-8d23-4ded-82e6-60a350c86a10}, 100",19,20,0,"Photo"
"System.Photo.DateTaken","Date taken","{14b81da1-0135-4d31-96d9-6cbfc9671a99}, 36867",64,15,16,"Photo"
"System.Photo.DigitalZoom","Digital zoom","{f85bf840-a925-4bc2-b0c4-8e36b598679e}, 100",5,20,0,"Photo"
"System.Photo.EXIFVersion","EXIF version","{d35f743a-eb2e-47f2-a286-844132cb1427}, 100",31,20,0,"Photo"
"System.Photo.Event","Event","{14b81da1-0135-4d31-96d9-6cbfc9671a99}, 18248",4127,11,0,"Photo"
"System.Photo.ExposureBias","Exposure bias","{14b81da1-0135-4d31-96d9-6cbfc9671a99}, 37380",5,20,0,"Photo"
"System.Photo.ExposureIndex","Exposure index","{967b5af8-995a-46ed-9e11-35b3c5b9782d}, 100",5,20,0,"Photo"
"System.Photo.ExposureProgram","Exposure program","{14b81da1-0135-4d31-96d9-6cbfc9671a99}, 34850",19,20,0,"Photo"
"System.Photo.ExposureTime","Exposure time","{14b81da1-0135-4d31-96d9-6cbfc9671a99}, 33434",5,20,0,"Photo"
"System.Photo.FNumber","F-stop","{14b81da1-0135-4d31-96d9-6cbfc9671a99}, 33437",5,20,0,"Photo"
"System.Photo.Flash","Flash mode","{14b81da1-0135-4d31-96d9-6cbfc9671a99}, 37385",17,20,0,"Photo"
"System.Photo.FlashEnergy","Flash energy","{14b81da1-0135-4d31-96d9-6cbfc9671a99}, 41483",5,20,0,"Photo"
"System.Photo.FlashManufacturer","Flash maker","{aabaf6c9-e0c5-4719-8585-57b103e584fe}, 100",31,20,0,"Photo"
"System.Photo.FlashModel","Flash model","{fe83bb35-4d1a-42e2-916b-06f3e1af719e}, 100",31,20,0,"Photo"
"System.Photo.FocalLength","Focal length","{14b81da1-0135-4d31-96d9-6cbfc9671a99}, 37386",5,20,0,"Photo"
"System.Photo.FocalLengthInFilm","35mm focal length","{a0e74609-b84d-4f49-b860-462bd9971f98}, 100",18,20,0,"Photo"
"System.Photo.FocalPlaneXResolution","Focal plane X resolution","{cfc08d97-c6f7-4484-89dd-ebef4356fe76}, 100",5,20,0,"Photo"
"System.Photo.FocalPlaneYResolution","Focal plane Y resolution","{4fffe4d0-914f-4ac4-8d6f-c9c61de169b1}, 100",5,20,0,"Photo"
"System.Photo.GainControl","Gain control","{fa304789-00c7-4d80-904a-1e4dcc7265aa}, 100",5,20,0,"Photo"
"System.Photo.ISOSpeed","ISO speed","{14b81da1-0135-4d31-96d9-6cbfc9671a99}, 34855",18,20,0,"Photo"
"System.Photo.LensManufacturer","Lens maker","{e6ddcaf7-29c5-4f0a-9a68-d19412ec7090}, 100",31,20,0,"Photo"
"System.Photo.LensModel","Lens model","{e1277516-2b5f-4869-89b1-2e585bd38b7a}, 100",31,20,0,"Photo"
"System.Photo.LightSource","Light source","{14b81da1-0135-4d31-96d9-6cbfc9671a99}, 37384",19,20,0,"Photo"
"System.Photo.MaxAperture","Max aperture","{08f6d7c2-e3f2-44fc-af1e-5aa5c81a2d3e}, 100",5,20,0,"Photo"
"System.Photo.MeteringMode","Metering mode","{14b81da1-0135-4d31-96d9-6cbfc9671a99}, 37383",18,20,0,"Photo"
"System.Photo.Orientation","Orientation","{14b81da1-0135-4d31-96d9-6cbfc9671a99}, 274",18,20,0,"Photo"
"System.Photo.PeopleNames","People","{e8309b6e-084c-49b4-b1fc-90a80331b638}, 100",4127,11,0,"Photo"
"System.Photo.PhotometricInterpretation","Photometric interpretation","{341796f1-1df9-4b1c-a564-91bdefa43877}, 100",18,20,0,"Photo"
"System.Photo.ProgramMode","Program mode","{6d217f6d-3f6a-4825-b470-5f03ca2fbe9b}, 100",19,20,0,"Photo"
"System.Photo.RelatedSoundFile","Audio","{318a6b45-087f-4dc2-b8cc-05359551fc9e}, 100",31,20,0,"Photo"
"System.Photo.Saturation","Saturation","{49237325-a95a-4f67-b211-816b2d45d2e0}, 100",19,20,0,"Photo"
"System.Photo.Sharpness","Sharpness","{fc6976db-8349-4970-ae97-b3c5316a08f0}, 100",19,20,0,"Photo"
"System.Photo.ShutterSpeed","Shutter speed","{14b81da1-0135-4d31-96d9-6cbfc9671a99}, 37377",5,20,0,"Photo"
"System.Photo.SubjectDistance","Subject distance","{14b81da1-0135-4d31-96d9-6cbfc9671a99}, 37382",5,20,0,"Photo"
"System.Photo.WhiteBalance","White balance","{ee3d3d8a-5381-4cfa-b13b-aaf66b5f4ec9}, 100",19,20,0,"Photo"
"System.Platform","Platform","{0cef7d53-fa64-11d1-a203-0000f81fedee}, 11",31,20,0,"Platform"
"System.PrintStatus.Comment","Comment","{dd141766-313a-4a30-90f0-056a7c968437}, 5",31,20,0,"PrintStatus"
"System.PrintStatus.DocumentCount","Document count","{dd141766-313a-4a30-90f0-056a7c968437}, 2",31,20,0,"PrintStatus"
"System.PrintStatus.ErrorStatus","Error status","{dd141766-313a-4a30-90f0-056a7c968437}, 3",31,20,0,"PrintStatus"
"System.PrintStatus.InfoStatus","Info status","{dd141766-313a-4a30-90f0-056a7c968437}, 8",31,20,0,"PrintStatus"
"System.PrintStatus.Location","Location","{dd141766-313a-4a30-90f0-056a7c968437}, 4",31,20,0,"PrintStatus"
"System.PrintStatus.Preferences","Preferences","{dd141766-313a-4a30-90f0-056a7c968437}, 6",31,20,0,"PrintStatus"
"System.PrintStatus.WarningStatus","Warning status","{dd141766-313a-4a30-90f0-056a7c968437}, 7",31,20,0,"PrintStatus"
"System.Printer.Default","Default","{fe9e4c12-aacb-4aa3-966d-91a29e6128b5}, 3",31,20,512,"Printer"
"System.Printer.Location","Location","{fe9e4c12-aacb-4aa3-966d-91a29e6128b5}, 4",1,20,0,"Printer"
"System.Printer.Model","Model","{fe9e4c12-aacb-4aa3-966d-91a29e6128b5}, 5",31,20,0,"Printer"
"System.Printer.QueueSize","Documents","{fe9e4c12-aacb-4aa3-966d-91a29e6128b5}, 6",3,20,0,"Printer"
"System.Printer.Status","Printer status","{fe9e4c12-aacb-4aa3-966d-91a29e6128b5}, 7",31,20,0,"Printer"
"System.Priority","Priority","{9c1fcf74-2d97-41ba-b4ae-cb2e3661a6e4}, 5",18,20,0,"Priority"
"System.Project","Project","{39a7f922-477c-48de-8bc8-b28441e342e3}, 100",31,20,0,"Project"
"System.PropGroup.Advanced","Advanced","{900a403b-097b-4b95-8ae2-071fdaeeb118}, 100",1,20,0,"PropGroup"
"System.PropGroup.Audio","Audio","{2804d469-788f-48aa-8570-71b9c187e138}, 100",1,20,0,"PropGroup"
"System.PropGroup.Calendar","Calendar","{9973d2b5-bfd8-438a-ba94-5349b293181a}, 100",1,20,0,"PropGroup"
"System.PropGroup.Camera","Camera","{de00de32-547e-4981-ad4b-542f2e9007d8}, 100",1,20,0,"PropGroup"
"System.PropGroup.Contact","Contact","{df975fd3-250a-4004-858f-34e29a3e37aa}, 100",1,20,0,"PropGroup"
"System.PropGroup.Content","Content","{d0dab0ba-368a-4050-a882-6c010fd19a4f}, 100",1,20,0,"PropGroup"
"System.PropGroup.Description","Description","{8969b275-9475-4e00-a887-ff93b8b41e44}, 100",1,20,0,"PropGroup"
"System.PropGroup.FileSystem","File","{e3a7d2c1-80fc-4b40-8f34-30ea111bdc2e}, 100",1,20,0,"PropGroup"
"System.PropGroup.GPS","GPS","{f3713ada-90e3-4e11-aae5-fdc17685b9be}, 100",1,20,0,"PropGroup"
"System.PropGroup.General","General","{cc301630-b192-4c22-b372-9f4c6d338e07}, 100",1,20,0,"PropGroup"
"System.PropGroup.Image","Image","{e3690a87-0fa8-4a2a-9a9f-fce8827055ac}, 100",1,20,0,"PropGroup"
"System.PropGroup.Media","Media","{61872cf7-6b5e-4b4b-ac2d-59da84459248}, 100",1,20,0,"PropGroup"
"System.PropGroup.MediaAdvanced","Advanced media","{8859a284-de7e-4642-99ba-d431d044b1ec}, 100",1,20,0,"PropGroup"
"System.PropGroup.Message","Message","{7fd7259d-16b4-4135-9f97-7c96ecd2fa9e}, 100",1,20,0,"PropGroup"
"System.PropGroup.Music","Music","{68dd6094-7216-40f1-a029-43fe7127043f}, 100",1,20,0,"PropGroup"
"System.PropGroup.Origin","Origin","{2598d2fb-5569-4367-95df-5cd3a177e1a5}, 100",1,20,0,"PropGroup"
"System.PropGroup.PhotoAdvanced","Advanced photo","{0cb2bf5a-9ee7-4a86-8222-f01e07fdadaf}, 100",1,20,0,"PropGroup"
"System.PropGroup.RecordedTV","Recorded TV","{e7b33238-6584-4170-a5c0-ac25efd9da56}, 100",1,20,0,"PropGroup"
"System.PropGroup.Video","Video","{bebe0920-7671-4c54-a3eb-49fddfc191ee}, 100",1,20,0,"PropGroup"
"System.Rating","Rating","{64440492-4c8b-11d1-8b70-080036b11a03}, 9",19,12,0,"Rating"
"System.RecordedTV.ChannelNumber","Channel number","{6d748de2-8d38-4cc3-ac60-f009b057c557}, 7",19,20,0,"RecordedTV"
"System.RecordedTV.Credits","TV credits","{6d748de2-8d38-4cc3-ac60-f009b057c557}, 4",31,20,0,"RecordedTV"
"System.RecordedTV.DateContentExpires","Expiration date","{6d748de2-8d38-4cc3-ac60-f009b057c557}, 15",64,20,16,"RecordedTV"
"System.RecordedTV.EpisodeName","Episode name","{6d748de2-8d38-4cc3-ac60-f009b057c557}, 2",31,20,0,"RecordedTV"
"System.RecordedTV.IsATSCContent","ATSC content","{6d748de2-8d38-4cc3-ac60-f009b057c557}, 16",11,20,0,"RecordedTV"
"System.RecordedTV.IsClosedCaptioningAvailable","Closed captioning","{6d748de2-8d38-4cc3-ac60-f009b057c557}, 12",11,20,0,"RecordedTV"
"System.RecordedTV.IsDTVContent","DTV content","{6d748de2-8d38-4cc3-ac60-f009b057c557}, 17",11,20,0,"RecordedTV"
"System.RecordedTV.IsHDContent","HDTV content","{6d748de2-8d38-4cc3-ac60-f009b057c557}, 18",11,20,0,"RecordedTV"
"System.RecordedTV.IsRepeatBroadcast","Rerun","{6d748de2-8d38-4cc3-ac60-f009b057c557}, 13",11,20,0,"RecordedTV"
"System.RecordedTV.IsSAP","SAP","{6d748de2-8d38-4cc3-ac60-f009b057c557}, 14",11,20,0,"RecordedTV"
"System.RecordedTV.NetworkAffiliation","TV network affiliation","{2c53c813-fb63-4e22-a1ab-0b331ca1e273}, 100",31,20,0,"RecordedTV"
"System.RecordedTV.OriginalBroadcastDate","Broadcast date","{4684fe97-8765-4842-9c13-f006447b178c}, 100",64,20,16,"RecordedTV"
"System.RecordedTV.ProgramDescription","Program description","{6d748de2-8d38-4cc3-ac60-f009b057c557}, 3",31,20,0,"RecordedTV"
"System.RecordedTV.RecordingTime","Recording time","{a5477f61-7a82-4eca-9dde-98b69b2479b3}, 100",64,20,16,"RecordedTV"
"System.RecordedTV.StationCallSign","Station call sign","{6d748de2-8d38-4cc3-ac60-f009b057c557}, 5",31,20,0,"RecordedTV"
"System.RecordedTV.StationName","Station name","{1b5439e7-eba1-4af8-bdd7-7af1d4549493}, 100",31,20,0,"RecordedTV"
"System.Recycle.DateDeleted","Date deleted","{9b174b33-40ff-11d2-a27e-00c04fc30871}, 3",64,20,16,"Recycle"
"System.Recycle.DeletedFrom","Original location","{9b174b33-40ff-11d2-a27e-00c04fc30871}, 2",31,20,0,"Recycle"
"System.SAM.AccountIsDisabledForLogonUI","Account is disabled","{8bf6b9f6-b4f5-482f-a2c2-44bdad2fcfa9}, 51",11,20,0,"SAM"
"System.SAM.AdminComment","Admin comments","{705d8364-7547-468c-8c88-84860bcbed4c}, 14",31,20,0,"SAM"
"System.SAM.AllowedLogon","Allowed logon","{7ba3535d-69aa-4525-a938-f3ec79485377}, 2",11,20,0,"SAM"
"System.SAM.BatchLogin","Batch login","{705d8364-7547-468c-8c88-84860bcbed4c}, 38",11,20,0,"SAM"
"System.SAM.CodePage","Code page","{705d8364-7547-468c-8c88-84860bcbed4c}, 22",18,20,0,"SAM"
"System.SAM.CountryCode","Country/region code","{705d8364-7547-468c-8c88-84860bcbed4c}, 21",18,20,0,"SAM"
"System.SAM.DateAccountExpires","Account expires","{705d8364-7547-468c-8c88-84860bcbed4c}, 6",64,20,16,"SAM"
"System.SAM.DateChanged","Last modified","{705d8364-7547-468c-8c88-84860bcbed4c}, 4",64,20,16,"SAM"
"System.SAM.DenyBatchLogin","Deny batch login","{705d8364-7547-468c-8c88-84860bcbed4c}, 43",11,20,0,"SAM"
"System.SAM.DenyInteractiveLogin","Deny interactive login","{705d8364-7547-468c-8c88-84860bcbed4c}, 41",11,20,0,"SAM"
"System.SAM.DenyNetworkLogin","Deny network login","{705d8364-7547-468c-8c88-84860bcbed4c}, 42",11,20,0,"SAM"
"System.SAM.DenyRemoteInteractiveLogin","Deny remote interactive login","{705d8364-7547-468c-8c88-84860bcbed4c}, 45",11,20,0,"SAM"
"System.SAM.DenyServiceLogin","Deny service login","{705d8364-7547-468c-8c88-84860bcbed4c}, 44",11,20,0,"SAM"
"System.SAM.Domain","Domain","{705d8364-7547-468c-8c88-84860bcbed4c}, 26",31,23,0,"SAM"
"System.SAM.DontEnumerateForLogon","Do not enumerate for logon","{7ba3535d-69aa-4525-a938-f3ec79485377}, 3",11,20,0,"SAM"
"System.SAM.DontShowInLogonUI","Do not show in logon UI","{705d8364-7547-468c-8c88-84860bcbed4c}, 46",11,20,0,"SAM"
"System.SAM.FullName","Full name","{705d8364-7547-468c-8c88-84860bcbed4c}, 9",31,20,0,"SAM"
"System.SAM.GroupMembers","Group members","{705d8364-7547-468c-8c88-84860bcbed4c}, 102",1,20,0,"SAM"
"System.SAM.Groups","Groups","{705d8364-7547-468c-8c88-84860bcbed4c}, 31",1,20,0,"SAM"
"System.SAM.HomeDirectory","Home directory","{705d8364-7547-468c-8c88-84860bcbed4c}, 10",31,20,0,"SAM"
"System.SAM.HomeDirectoryDrive","Home directory drive","{705d8364-7547-468c-8c88-84860bcbed4c}, 11",31,20,0,"SAM"
"System.SAM.InteractiveLogin","Interactive login","{705d8364-7547-468c-8c88-84860bcbed4c}, 36",11,20,0,"SAM"
"System.SAM.LogonHours","Logon hours","{705d8364-7547-468c-8c88-84860bcbed4c}, 20",19,20,0,"SAM"
"System.SAM.Name","Name","{705d8364-7547-468c-8c88-84860bcbed4c}, 2",31,23,0,"SAM"
"System.SAM.NetworkLogin","Network login","{705d8364-7547-468c-8c88-84860bcbed4c}, 37",11,20,0,"SAM"
"System.SAM.Password","Password","{705d8364-7547-468c-8c88-84860bcbed4c}, 17",31,20,0,"SAM"
"System.SAM.PasswordCanChange","Password can change","{705d8364-7547-468c-8c88-84860bcbed4c}, 7",64,20,16,"SAM"
"System.SAM.PasswordExpired","Password expired","{705d8364-7547-468c-8c88-84860bcbed4c}, 23",11,20,0,"SAM"
"System.SAM.PasswordHint","Password hint","{705d8364-7547-468c-8c88-84860bcbed4c}, 25",31,20,0,"SAM"
"System.SAM.PasswordIsEmpty","Password is empty","{705d8364-7547-468c-8c88-84860bcbed4c}, 50",11,20,0,"SAM"
"System.SAM.PasswordLastSet","Password last set","{705d8364-7547-468c-8c88-84860bcbed4c}, 5",64,20,16,"SAM"
"System.SAM.PasswordMustChange","Password must change","{705d8364-7547-468c-8c88-84860bcbed4c}, 8",64,20,16,"SAM"
"System.SAM.ProfilePath","Profile path","{705d8364-7547-468c-8c88-84860bcbed4c}, 13",31,20,0,"SAM"
"System.SAM.RemoteInteractiveLogin","Remote interactive login","{705d8364-7547-468c-8c88-84860bcbed4c}, 40",11,20,0,"SAM"
"System.SAM.ResidualID","RID","{705d8364-7547-468c-8c88-84860bcbed4c}, 103",19,20,0,"SAM"
"System.SAM.ScriptPath","Script path","{705d8364-7547-468c-8c88-84860bcbed4c}, 12",31,20,0,"SAM"
"System.SAM.SecurityID","Security ID","{705d8364-7547-468c-8c88-84860bcbed4c}, 18",65,20,0,"SAM"
"System.SAM.ServiceLogin","Service login","{705d8364-7547-468c-8c88-84860bcbed4c}, 39",11,20,0,"SAM"
"System.SAM.ShellAdminObjectProps","Shell admin object properties","{705d8364-7547-468c-8c88-84860bcbed4c}, 47",65,20,0,"SAM"
"System.SAM.Type","Type","{705d8364-7547-468c-8c88-84860bcbed4c}, 32",19,20,0,"SAM"
"System.SAM.UserAccountControl","User account control","{705d8364-7547-468c-8c88-84860bcbed4c}, 19",19,20,0,"SAM"
"System.SAM.UserComment","User comments","{705d8364-7547-468c-8c88-84860bcbed4c}, 16",31,20,0,"SAM"
"System.SAM.UserPicture","User picture","{705d8364-7547-468c-8c88-84860bcbed4c}, 24",65,20,0,"SAM"
"System.SAM.Version","Version","{705d8364-7547-468c-8c88-84860bcbed4c}, 3",21,20,0,"SAM"
"System.SAM.Workstations","Workstations","{705d8364-7547-468c-8c88-84860bcbed4c}, 15",4127,20,0,"SAM"
"System.ScanStatus.Profile","Scan profile","{dd141766-313a-4a30-90f0-056a7c968437}, 9",31,20,0,"ScanStatus"
"System.Search.AutoSummary","Summary","{560c36c0-503a-11cf-baa1-00004c752a9a}, 2",31,20,0,"Search"
"System.Search.Citations","Citations","{797be100-8aae-40dc-87e5-c33bd5eacd60}, 2",4127,20,0,"Search"
"System.Search.MatchTags","Search match kind","{49691c90-7e17-101a-a91c-08002b2ecda9}, 30",4127,20,0,"Search"
"System.Search.ProviderResultLimit","Maximum results","{0b63e343-9ccc-11d0-bcdb-00805fccce04}, 27",19,20,0,"Search"
"System.Search.ProviderWebDomain","Searches sent to","{0b63e343-9ccc-11d0-bcdb-00805fccce04}, 26",31,20,0,"Search"
"System.Search.QueryFocusedSummary","Snippets","{560c36c0-503a-11cf-baa1-00004c752a9a}, 3",31,20,0,"Search"
"System.Search.QueryFocusedSummaryWithFallback","Auto summary","{560c36c0-503a-11cf-baa1-00004c752a9a}, 4",31,20,0,"Search"
"System.Search.Rank","Relevance","{49691c90-7e17-101a-a91c-08002b2ecda9}, 3",3,20,16,"Search"
"System.Search.ResultsRank","Relevance","{49691c90-7e17-101a-a91c-08002b2ecda9}, 2",4115,20,0,"Search"
"System.Search.Store","Store","{a06992b3-8caf-4ed7-a547-b259e32ac9fc}, 100",31,20,0,"Search"
"System.SecondaryTile.IsUninstalled","Secondary tile is uninstalled","{09736039-456b-4219-ba3e-ec573b58cf97}, 2",11,20,0,"SecondaryTile"
"System.Security.EncryptionOwnersDisplay","File ownership","{de621b8f-e125-43a3-a32d-5665446d632a}, 25",4127,15,0,"Security"
"System.Sensitivity","Sensitivity","{f8d3f6ac-4874-42cb-be59-ab454b30716a}, 100",18,20,0,"Sensitivity"
"System.ShareTarget.Description","Share target description","{86407db8-9df7-48cd-b986-f999adc19731}, 2",31,20,0,"ShareTarget"
"System.ShareUserRating","Shared user rating","{64440492-4c8b-11d1-8b70-080036b11a03}, 12",19,20,0,"ShareUserRating"
"System.SharedWith","Shared with","{ef884c5b-2bfe-41bb-aae5-76eedf4f9902}, 200",4127,20,0,"SharedWith"
"System.SharingStatus","Sharing status","{ef884c5b-2bfe-41bb-aae5-76eedf4f9902}, 300",19,9,0,"SharingStatus"
"System.Shell.CopilotKeyProviderFastPathMessage","CopilotKey","{38652bca-4329-4e74-86f9-39cf29345eea}, 2",31,20,0,"Shell"
"System.Shell.Exclusion","Exclusions","{49eb6558-c09c-46dc-8668-1f848c290d0b}, 1",4127,20,0,"Shell"
"System.Size","Size","{b725f130-47ef-101a-a5f1-02608c9eebac}, 12",21,10,18,"Size"
"System.Software.Comments","Comments","{841e4f90-ff59-4d16-8947-e81bbffab36d}, 20",31,20,0,"Software"
"System.Software.DateInstalled","Installed on","{841e4f90-ff59-4d16-8947-e81bbffab36d}, 11",64,20,16,"Software"
"System.Software.DateLastUsed","Last used on","{841e4f90-ff59-4d16-8947-e81bbffab36d}, 16",64,20,16,"Software"
"System.Software.HelpLink","Help link","{841e4f90-ff59-4d16-8947-e81bbffab36d}, 8",31,23,0,"Software"
"System.Software.InstallLocation","Install location","{841e4f90-ff59-4d16-8947-e81bbffab36d}, 9",31,20,0,"Software"
"System.Software.InstallSource","Install source","{841e4f90-ff59-4d16-8947-e81bbffab36d}, 10",31,20,0,"Software"
"System.Software.NullPreview.Subtitle","Subtitle","{841e4f90-ff59-4d16-8947-e81bbffab36d}, 998",31,20,0,"Software"
"System.Software.NullPreview.Title","Title","{841e4f90-ff59-4d16-8947-e81bbffab36d}, 999",31,20,0,"Software"
"System.Software.NullPreview.TotalSize","Total size","{841e4f90-ff59-4d16-8947-e81bbffab36d}, 997",21,7,2,"Software"
"System.Software.ParentName","Parent name","{841e4f90-ff59-4d16-8947-e81bbffab36d}, 18",31,20,0,"Software"
"System.Software.ProductID","Product ID","{841e4f90-ff59-4d16-8947-e81bbffab36d}, 19",31,20,0,"Software"
"System.Software.ProductName","Product name","{0cef7d53-fa64-11d1-a203-0000f81fedee}, 7",31,20,0,"Software"
"System.Software.ProductVersion","Product version","{0cef7d53-fa64-11d1-a203-0000f81fedee}, 8",31,23,0,"Software"
"System.Software.Publisher","Publisher","{841e4f90-ff59-4d16-8947-e81bbffab36d}, 2",31,20,0,"Software"
"System.Software.ReadMeUrl","Readme location","{841e4f90-ff59-4d16-8947-e81bbffab36d}, 13",31,23,0,"Software"
"System.Software.RegisteredCompany","Registered company","{841e4f90-ff59-4d16-8947-e81bbffab36d}, 4",31,20,0,"Software"
"System.Software.RegisteredOwner","Registered owner","{841e4f90-ff59-4d16-8947-e81bbffab36d}, 3",31,20,0,"Software"
"System.Software.SupportContactName","Support contact","{841e4f90-ff59-4d16-8947-e81bbffab36d}, 12",31,20,0,"Software"
"System.Software.SupportTelephone","Support phone","{841e4f90-ff59-4d16-8947-e81bbffab36d}, 7",31,20,0,"Software"
"System.Software.SupportUrl","Support link","{841e4f90-ff59-4d16-8947-e81bbffab36d}, 6",31,23,0,"Software"
"System.Software.TimesUsed","Number of times used","{841e4f90-ff59-4d16-8947-e81bbffab36d}, 15",19,20,0,"Software"
"System.Software.UpdateInfoUrl","Update information","{841e4f90-ff59-4d16-8947-e81bbffab36d}, 14",31,23,0,"Software"
"System.SoftwareUsed","Creation software","{14b81da1-0135-4d31-96d9-6cbfc9671a99}, 305",31,20,0,"SoftwareUsed"
"System.SourceItem","Source","{668cdfa5-7a1b-4323-ae4b-e527393a1d81}, 100",31,20,0,"SourceItem"
"System.StartDate","Start date","{48fd6ec8-8a12-4cdf-a03e-4ec5a511edde}, 100",64,20,16,"StartDate"
"System.StartMenu.Group","Start menu group","{4bd13b3d-e68b-44ec-89ee-7611789d4070}, 100",31,20,0,"StartMenu"
"System.StartMenu.GroupItem","Start menu group item","{4bd13b3d-e68b-44ec-89ee-7611789d4070}, 103",4113,20,0,"StartMenu"
"System.StartMenu.Query","Start menu query","{4bd13b3d-e68b-44ec-89ee-7611789d4070}, 102",31,20,0,"StartMenu"
"System.StartMenu.RunCommand","Start menu run command","{4bd13b3d-e68b-44ec-89ee-7611789d4070}, 101",31,20,0,"StartMenu"
"System.Status","Status","{000214a1-0000-0000-c000-000000000046}, 9",31,20,0,"Status"
"System.StatusBarItemAvailability","Selected item availability","{26dc287c-6e3d-4bd3-b2b0-6a26ba2e346d}, 5",31,20,0,"StatusBarItemAvailability"
"System.StatusBarSelectedItemCount","Selected item count and size","{26dc287c-6e3d-4bd3-b2b0-6a26ba2e346d}, 3",31,20,0,"StatusBarSelectedItemCount"
"System.StatusBarStorageProviderError","Error","{26dc287c-6e3d-4bd3-b2b0-6a26ba2e346d}, 6",31,20,0,"StatusBarStorageProviderError"
"System.StatusBarViewItemCount","Total item count","{26dc287c-6e3d-4bd3-b2b0-6a26ba2e346d}, 2",31,20,0,"StatusBarViewItemCount"
"System.StatusIcons","State","{7a55582b-bd8c-4475-b94c-b87a388a7899}, 100",65,20,0,"StatusIcons"
"System.StorageProviderAggregatedCustomStates","Activity","{fceff153-e839-4cf3-a9e7-ea22832094b8}, 124",4113,20,0,"StorageProviderAggregatedCustomStates"
"System.StorageProviderCustomStates","Activity","{fceff153-e839-4cf3-a9e7-ea22832094b8}, 120",4113,20,0,"StorageProviderCustomStates"
"System.StorageProviderFileCreatedBy","Created by","{b2f9b9d6-fec4-4dd5-94d7-8957488c807b}, 10",31,20,0,"StorageProviderFileCreatedBy"
"System.StorageProviderFileDateShared","Date shared","{b2f9b9d6-fec4-4dd5-94d7-8957488c807b}, 14",64,20,16,"StorageProviderFileDateShared"
"System.StorageProviderFileModifiedBy","Modified by","{b2f9b9d6-fec4-4dd5-94d7-8957488c807b}, 11",31,20,0,"StorageProviderFileModifiedBy"
"System.StorageProviderFileRemoteLocation","File location","{b2f9b9d6-fec4-4dd5-94d7-8957488c807b}, 16",31,20,0,"StorageProviderFileRemoteLocation"
"System.StorageProviderFileSharedBy","Shared by","{b2f9b9d6-fec4-4dd5-94d7-8957488c807b}, 15",31,20,0,"StorageProviderFileSharedBy"
"System.StorageProviderSharingStatus","Sharing","{fceff153-e839-4cf3-a9e7-ea22832094b8}, 117",19,20,0,"StorageProviderSharingStatus"
"System.StorageProviderState","Availability status","{e77e90df-6271-4f5b-834f-2dd1f245dda4}, 3",19,20,0,"StorageProviderState"
"System.StorageProviderTransferProgress","Progress","{e77e90df-6271-4f5b-834f-2dd1f245dda4}, 4",4115,20,0,"StorageProviderTransferProgress"
"System.StorageProviderUIStatus","Status","{e77e90df-6271-4f5b-834f-2dd1f245dda4}, 2",65,10,0,"StorageProviderUIStatus"
"System.StructuredQuery.File","File","{7036dcfc-69ab-4316-b5ac-50de702447b0}, 104",31,20,0,"StructuredQuery"
"System.StructuredQuery.Has","Has","{7036dcfc-69ab-4316-b5ac-50de702447b0}, 110",3,20,0,"StructuredQuery"
"System.StructuredQuery.Is","Is","{7036dcfc-69ab-4316-b5ac-50de702447b0}, 111",3,20,0,"StructuredQuery"
"System.StructuredQuery.Virtual.About","About","{e9edd392-0b4c-4cf2-82c0-b0d139666245}, 113",31,20,0,"StructuredQuery"
"System.StructuredQuery.Virtual.Artist","Artists","{e9edd392-0b4c-4cf2-82c0-b0d139666245}, 118",31,20,0,"StructuredQuery"
"System.StructuredQuery.Virtual.Bcc","Bcc","{e9edd392-0b4c-4cf2-82c0-b0d139666245}, 102",31,20,0,"StructuredQuery"
"System.StructuredQuery.Virtual.Cc","Cc","{e9edd392-0b4c-4cf2-82c0-b0d139666245}, 103",31,20,0,"StructuredQuery"
"System.StructuredQuery.Virtual.DateCreated","Created","{e9edd392-0b4c-4cf2-82c0-b0d139666245}, 110",64,20,16,"StructuredQuery"
"System.StructuredQuery.Virtual.From","From","{e9edd392-0b4c-4cf2-82c0-b0d139666245}, 104",31,20,0,"StructuredQuery"
"System.StructuredQuery.Virtual.JournalDuration","Journal duration","{e9edd392-0b4c-4cf2-82c0-b0d139666245}, 115",31,20,0,"StructuredQuery"
"System.StructuredQuery.Virtual.MessageSize","Message size","{e9edd392-0b4c-4cf2-82c0-b0d139666245}, 112",3,10,18,"StructuredQuery"
"System.StructuredQuery.Virtual.OptionalAttendees","Optional attendees","{e9edd392-0b4c-4cf2-82c0-b0d139666245}, 108",31,20,0,"StructuredQuery"
"System.StructuredQuery.Virtual.Organizer","Organizer","{e9edd392-0b4c-4cf2-82c0-b0d139666245}, 106",31,20,0,"StructuredQuery"
"System.StructuredQuery.Virtual.Phone","Phone","{e9edd392-0b4c-4cf2-82c0-b0d139666245}, 111",31,20,0,"StructuredQuery"
"System.StructuredQuery.Virtual.RequiredAttendees","Required attendees","{e9edd392-0b4c-4cf2-82c0-b0d139666245}, 107",31,20,0,"StructuredQuery"
"System.StructuredQuery.Virtual.Resources","Resources","{e9edd392-0b4c-4cf2-82c0-b0d139666245}, 109",31,20,0,"StructuredQuery"
"System.StructuredQuery.Virtual.To","To","{e9edd392-0b4c-4cf2-82c0-b0d139666245}, 105",31,20,0,"StructuredQuery"
"System.StructuredQuery.Virtual.Type","Type","{e9edd392-0b4c-4cf2-82c0-b0d139666245}, 117",31,20,0,"StructuredQuery"
"System.Subject","Subject","{f29f85e0-4ff9-1068-ab91-08002b27b3d9}, 3",31,30,0,"Subject"
"System.Sync.Comments","Details","{7bd5533e-af15-44db-b8c8-bd6624e1d032}, 13",31,20,0,"Sync"
"System.Sync.ConflictCount","Conflicts","{7bd5533e-af15-44db-b8c8-bd6624e1d032}, 11",19,20,0,"Sync"
"System.Sync.ConflictDescription","Details","{ce50c159-2fb8-41fd-be68-d3e042e274bc}, 4",31,20,0,"Sync"
"System.Sync.ConflictFirstLocation","First location","{ce50c159-2fb8-41fd-be68-d3e042e274bc}, 6",31,20,0,"Sync"
"System.Sync.ConflictSecondLocation","Second location","{ce50c159-2fb8-41fd-be68-d3e042e274bc}, 7",31,20,0,"Sync"
"System.Sync.Connected","Connected","{7bd5533e-af15-44db-b8c8-bd6624e1d032}, 16",11,20,0,"Sync"
"System.Sync.Context","Context","{7bd5533e-af15-44db-b8c8-bd6624e1d032}, 19",31,20,0,"Sync"
"System.Sync.CopyIn","Sync copy in","{328d8b21-7729-4bfc-954c-902b329d56b0}, 2",31,20,0,"Sync"
"System.Sync.DateSynchronized","Last date synchronized","{7bd5533e-af15-44db-b8c8-bd6624e1d032}, 7",64,20,16,"Sync"
"System.Sync.Enabled","Enabled","{7bd5533e-af15-44db-b8c8-bd6624e1d032}, 14",11,20,0,"Sync"
"System.Sync.ErrorCount","Errors","{7bd5533e-af15-44db-b8c8-bd6624e1d032}, 12",19,20,0,"Sync"
"System.Sync.EventDescription","Details","{7bd5533e-af15-44db-b8c8-bd6624e1d032}, 4",31,20,0,"Sync"
"System.Sync.EventFlags","Flags","{7bd5533e-af15-44db-b8c8-bd6624e1d032}, 21",19,20,0,"Sync"
"System.Sync.EventLevel","Severity","{7bd5533e-af15-44db-b8c8-bd6624e1d032}, 20",19,20,0,"Sync"
"System.Sync.HandlerCollectionID","Collection ID","{7bd5533e-af15-44db-b8c8-bd6624e1d032}, 2",72,20,0,"Sync"
"System.Sync.HandlerID","Partnership ID","{7bd5533e-af15-44db-b8c8-bd6624e1d032}, 3",31,20,0,"Sync"
"System.Sync.HandlerName","Partnership","{ce50c159-2fb8-41fd-be68-d3e042e274bc}, 2",31,20,0,"Sync"
"System.Sync.HandlerType","Category","{7bd5533e-af15-44db-b8c8-bd6624e1d032}, 8",19,20,0,"Sync"
"System.Sync.HandlerTypeLabel","Description","{7bd5533e-af15-44db-b8c8-bd6624e1d032}, 9",31,20,0,"Sync"
"System.Sync.Hidden","Hidden","{7bd5533e-af15-44db-b8c8-bd6624e1d032}, 15",11,20,0,"Sync"
"System.Sync.ItemID","Sync item ID","{7bd5533e-af15-44db-b8c8-bd6624e1d032}, 6",31,20,0,"Sync"
"System.Sync.ItemName","Sync item","{ce50c159-2fb8-41fd-be68-d3e042e274bc}, 3",31,20,0,"Sync"
"System.Sync.ItemState","Sync status","{7bd5533e-af15-44db-b8c8-bd6624e1d032}, 25",19,20,0,"Sync"
"System.Sync.ItemStatusDescription","Sync state description","{7bd5533e-af15-44db-b8c8-bd6624e1d032}, 27",31,20,0,"Sync"
"System.Sync.ItemStatusText","Sync state","{7bd5533e-af15-44db-b8c8-bd6624e1d032}, 26",31,20,0,"Sync"
"System.Sync.Link","More details","{7bd5533e-af15-44db-b8c8-bd6624e1d032}, 17",31,23,0,"Sync"
"System.Sync.Progress","Progress","{7bd5533e-af15-44db-b8c8-bd6624e1d032}, 5",4115,20,0,"Sync"
"System.Sync.ProgressPercentage","Sync progress percentage","{7bd5533e-af15-44db-b8c8-bd6624e1d032}, 23",19,20,0,"Sync"
"System.Sync.State","Sync state","{7bd5533e-af15-44db-b8c8-bd6624e1d032}, 24",19,20,0,"Sync"
"System.Sync.Status","Sync status","{7bd5533e-af15-44db-b8c8-bd6624e1d032}, 10",31,20,0,"Sync"
"System.Task.BillingInformation","Billing information","{d37d52c6-261c-4303-82b3-08b926ac6f12}, 100",31,20,0,"Task"
"System.Task.CompletionStatus","Complete","{084d8a0a-e6d5-40de-bf1f-c8820e7c877c}, 100",31,20,0,"Task"
"System.Task.Owner","Task owner","{08c7cc5f-60f2-4494-ad75-55e3e0b5add0}, 100",31,20,0,"Task"
"System.Tile.Background","Tile background color","{86d40b4d-9069-443c-819a-2a54090dccec}, 4",19,20,0,"Tile"
"System.Tile.BadgeLogoPath","Lock screen badge logo path","{86d40b4d-9069-443c-819a-2a54090dccec}, 15",31,20,0,"Tile"
"System.Tile.DisplayNameLanguage","Display name language ID","{86d40b4d-9069-443c-819a-2a54090dccec}, 18",31,20,0,"Tile"
"System.Tile.EncodedTargetPath","Encoded target path","{86d40b4d-9069-443c-819a-2a54090dccec}, 23",31,20,0,"Tile"
"System.Tile.FencePost","Fencepost state","{86d40b4d-9069-443c-819a-2a54090dccec}, 21",19,20,0,"Tile"
"System.Tile.Flags","Tile flags","{86d40b4d-9069-443c-819a-2a54090dccec}, 14",19,20,0,"Tile"
"System.Tile.Foreground","Tile foreground text color","{86d40b4d-9069-443c-819a-2a54090dccec}, 5",19,20,0,"Tile"
"System.Tile.HoloBoundingBox","HoloBoundingBox","{86d40b4d-9069-443c-819a-2a54090dccec}, 25",31,20,0,"Tile"
"System.Tile.HoloContent","HoloContent","{86d40b4d-9069-443c-819a-2a54090dccec}, 24",31,20,0,"Tile"
"System.Tile.InstallProgress","Install progress","{86d40b4d-9069-443c-819a-2a54090dccec}, 22",19,20,0,"Tile"
"System.Tile.LongDisplayName","Long display name","{86d40b4d-9069-443c-819a-2a54090dccec}, 11",31,20,0,"Tile"
"System.Tile.ShortDisplayName","Short display name","{86d40b4d-9069-443c-819a-2a54090dccec}, 26",31,20,0,"Tile"
"System.Tile.SmallLogoPath","Small logo path","{86d40b4d-9069-443c-819a-2a54090dccec}, 2",31,20,0,"Tile"
"System.Tile.Square150x150LogoPath","Logo path","{86d40b4d-9069-443c-819a-2a54090dccec}, 12",31,20,0,"Tile"
"System.Tile.Square310x310LogoPath","Large logo path","{86d40b4d-9069-443c-819a-2a54090dccec}, 19",31,20,0,"Tile"
"System.Tile.Square70x70LogoPath","Tiny logo path","{86d40b4d-9069-443c-819a-2a54090dccec}, 20",31,20,0,"Tile"
"System.Tile.SuiteDisplayName","Suite display name","{86d40b4d-9069-443c-819a-2a54090dccec}, 16",31,20,0,"Tile"
"System.Tile.SuiteSortName","Suite sorting name","{86d40b4d-9069-443c-819a-2a54090dccec}, 17",31,20,0,"Tile"
"System.Tile.Wide310x150LogoPath","Wide logo path","{86d40b4d-9069-443c-819a-2a54090dccec}, 13",31,20,0,"Tile"
"System.Title","Title","{f29f85e0-4ff9-1068-ab91-08002b27b3d9}, 2",31,20,0,"Title"
"System.TitleSortOverride","Sort title","{f0f7984d-222e-4ad2-82ab-1dd8ea40e57e}, 300",31,20,0,"TitleSortOverride"
"System.TotalFileSize","Total file size","{28636aa6-953d-11d2-b5d6-00c04fd918d0}, 14",21,12,0,"TotalFileSize"
"System.Trademarks","Legal trademarks","{0cef7d53-fa64-11d1-a203-0000f81fedee}, 9",31,20,0,"Trademarks"
"System.UrlScheme","URL scheme","{5cbf2787-48cf-4208-b90e-ee5e5d420294}, 3",31,23,0,"UrlScheme"
"System.VersionControl.CurrentFolderStatus","Current folder status","{73fd4f20-113b-4f94-b72c-93b71ded3eaa}, 8",31,20,0,"VersionControl"
"System.VersionControl.LastChangeAuthorEmail","Last change author email","{73fd4f20-113b-4f94-b72c-93b71ded3eaa}, 4",31,20,0,"VersionControl"
"System.VersionControl.LastChangeAuthorName","Last change author name","{73fd4f20-113b-4f94-b72c-93b71ded3eaa}, 5",31,20,0,"VersionControl"
"System.VersionControl.LastChangeDate","Last change date","{73fd4f20-113b-4f94-b72c-93b71ded3eaa}, 3",64,20,16,"VersionControl"
"System.VersionControl.LastChangeID","Last change ID","{73fd4f20-113b-4f94-b72c-93b71ded3eaa}, 6",31,20,0,"VersionControl"
"System.VersionControl.LastChangeMessage","Last change message","{73fd4f20-113b-4f94-b72c-93b71ded3eaa}, 7",31,20,0,"VersionControl"
"System.VersionControl.Status","Version status","{73fd4f20-113b-4f94-b72c-93b71ded3eaa}, 2",31,20,0,"VersionControl"
"System.Video.Compression","Video compression","{64440491-4c8b-11d1-8b70-080036b11a03}, 10",31,20,0,"Video"
"System.Video.Director","Directors","{64440492-4c8b-11d1-8b70-080036b11a03}, 20",4127,20,0,"Video"
"System.Video.EncodingBitrate","Data rate","{64440491-4c8b-11d1-8b70-080036b11a03}, 8",19,20,0,"Video"
"System.Video.FrameHeight","Frame height","{64440491-4c8b-11d1-8b70-080036b11a03}, 4",19,20,0,"Video"
"System.Video.FrameRate","Frame rate","{64440491-4c8b-11d1-8b70-080036b11a03}, 6",19,20,0,"Video"
"System.Video.FrameWidth","Frame width","{64440491-4c8b-11d1-8b70-080036b11a03}, 3",19,20,0,"Video"
"System.Video.IsSpherical","Spherical","{64440491-4c8b-11d1-8b70-080036b11a03}, 100",11,10,0,"Video"
"System.Video.IsStereo","Stereo","{64440491-4c8b-11d1-8b70-080036b11a03}, 98",11,10,0,"Video"
"System.Video.Orientation","Video orientation","{64440491-4c8b-11d1-8b70-080036b11a03}, 99",19,20,0,"Video"
"System.Video.SampleSize","Video sample size","{64440491-4c8b-11d1-8b70-080036b11a03}, 9",19,20,0,"Video"
"System.Video.StreamName","Stream name","{64440491-4c8b-11d1-8b70-080036b11a03}, 2",31,20,0,"Video"
"System.Video.TotalBitrate","Total bitrate","{64440491-4c8b-11d1-8b70-080036b11a03}, 43",19,20,0,"Video"
"System.Volume.BitLockerCanChangePassphraseByProxy","BitLocker standard users change password by proxy","{a63b464f-2ace-4d83-87ae-abaf011cc6ac}, 1720",11,20,0,"Volume"
"System.Volume.BitLockerCanChangePin","BitLocker standard users change PIN","{c53e42a9-db3c-4bc7-b0f3-83a524adf0ec}, 1719",11,20,0,"Volume"
"System.Volume.BitLockerProtection","BitLocker status","{2d15a9a1-a556-4189-91ad-027458f11a07}, 1717",3,20,0,"Volume"
"System.Volume.BitLockerRequiresAdmin","BitLocker requires admin","{ee31306c-fb9b-4d62-8621-3575d972a9f9}, 1718",11,20,0,"Volume"
"System.Volume.FileSystem","File system","{9b174b35-40ff-11d2-a27e-00c04fc30871}, 4",31,20,0,"Volume"
"System.WebAccountID","Account","{30c8eef4-a832-41e2-ab32-e3c3ca28fd29}, 7",31,20,0,"WebAccountID"
"System.Winx.Hash","Launcher tip menu command hash","{fb8d2d7b-90d1-4e34-bf60-6eac09922bbf}, 2",19,20,0,"Winx"
"System.Wireless.ConnectionMode","Mode","{9b34bbb9-949c-488d-9a6d-eeb47c847a2f}, 9",31,64,0,"Wireless"
"System.Wireless.ProfileName","Profile name","{9b34bbb9-949c-488d-9a6d-eeb47c847a2f}, 2",31,40,0,"Wireless"
"System.Wireless.RadioType","Radio type","{9b34bbb9-949c-488d-9a6d-eeb47c847a2f}, 5",31,20,0,"Wireless"
"System.Wireless.Security","Security type","{9b34bbb9-949c-488d-9a6d-eeb47c847a2f}, 4",31,20,0,"Wireless"
"System.WordWheel","Any text","{1e3ee840-bc2b-476c-8237-2acd1a839b22}, 5",31,20,0,"WordWheel"
"System.ZipFolder.CRC32","CRC-32","{e88dcce0-b7b3-11d1-a9f0-00aa0060fa31}, 5",1,14,0,"ZipFolder"
"System.ZipFolder.CompressedSize","Compressed size","{e88dcce0-b7b3-11d1-a9f0-00aa0060fa31}, 6",21,12,0,"ZipFolder"
"System.ZipFolder.Encrypted","Password protected","{e88dcce0-b7b3-11d1-a9f0-00aa0060fa31}, 2",1,6,0,"ZipFolder"
"System.ZipFolder.Method","Method","{e88dcce0-b7b3-11d1-a9f0-00aa0060fa31}, 3",1,8,0,"ZipFolder"
"System.ZipFolder.Ratio","Ratio","{e88dcce0-b7b3-11d1-a9f0-00aa0060fa31}, 4",19,6,0,"ZipFolder"
"Corel.Document.CmykProfile","CMYK Profile","{046359f1-7266-402e-b1ba-5558afd576cd}, 119",31,20,0,"Document"
"Corel.Document.ColorMode","Primary color mode","{046359f1-7266-402e-b1ba-5558afd576cd}, 121",19,20,0,"Document"
"Corel.Document.Colors","Colors","{046359f1-7266-402e-b1ba-5558afd576cd}, 109",4127,20,0,"Document"
"Corel.Document.Effects","Effects","{046359f1-7266-402e-b1ba-5558afd576cd}, 113",4127,20,0,"Document"
"Corel.Document.ExternalBitmaps","External bitmaps","{046359f1-7266-402e-b1ba-5558afd576cd}, 103",4127,20,0,"Document"
"Corel.Document.Fills","Fills","{046359f1-7266-402e-b1ba-5558afd576cd}, 111",4127,20,0,"Document"
"Corel.Document.FontList","Fonts used","{046359f1-7266-402e-b1ba-5558afd576cd}, 100",4127,20,0,"Document"
"Corel.Document.FontsEmbedded","Fonts embedded","{046359f1-7266-402e-b1ba-5558afd576cd}, 107",11,20,0,"Document"
"Corel.Document.GrayscaleProfile","Grayscale Profile","{046359f1-7266-402e-b1ba-5558afd576cd}, 120",31,20,0,"Document"
"Corel.Document.Languages","Languages","{046359f1-7266-402e-b1ba-5558afd576cd}, 116",4127,20,0,"Document"
"Corel.Document.LayerNames","Layer names","{046359f1-7266-402e-b1ba-5558afd576cd}, 105",4127,20,0,"Document"
"Corel.Document.ObjectCount","Object count","{046359f1-7266-402e-b1ba-5558afd576cd}, 108",3,20,0,"Document"
"Corel.Document.ObjectNames","Object names","{046359f1-7266-402e-b1ba-5558afd576cd}, 106",4127,20,0,"Document"
"Corel.Document.ObjectTypes","Objects","{046359f1-7266-402e-b1ba-5558afd576cd}, 110",4127,20,0,"Document"
"Corel.Document.Outlines","Outlines","{046359f1-7266-402e-b1ba-5558afd576cd}, 112",4127,20,0,"Document"
"Corel.Document.PageNames","Page names","{046359f1-7266-402e-b1ba-5558afd576cd}, 104",4127,20,0,"Document"
"Corel.Document.PageOrientation","Paper orientation","{046359f1-7266-402e-b1ba-5558afd576cd}, 102",19,20,0,"Document"
"Corel.Document.PageSizeName","Paper size","{046359f1-7266-402e-b1ba-5558afd576cd}, 101",31,20,0,"Document"
"Corel.Document.Palettes","Color palettes","{046359f1-7266-402e-b1ba-5558afd576cd}, 114",4127,20,0,"Document"
"Corel.Document.RenderingIntent","Rendering intent","{046359f1-7266-402e-b1ba-5558afd576cd}, 122",19,20,0,"Document"
"Corel.Document.RgbProfile","RGB Profile","{046359f1-7266-402e-b1ba-5558afd576cd}, 118",31,20,0,"Document"
"Corel.Document.SpotColors","Spot colors","{046359f1-7266-402e-b1ba-5558afd576cd}, 117",4127,20,0,"Document"
"Corel.Document.Styles","Styles","{046359f1-7266-402e-b1ba-5558afd576cd}, 115",4127,20,0,"Document"
"Corel.File.BitmapCompression","Bitmap compression","{2b51404e-62c1-46b6-a319-90b63412d0ee}, 100",11,20,0,"File"
"Corel.File.CompressionRatio","Compression ratio","{2b51404e-62c1-46b6-a319-90b63412d0ee}, 102",31,20,0,"File"
"Corel.File.GraphicCompression","Graphic compression","{2b51404e-62c1-46b6-a319-90b63412d0ee}, 101",11,20,0,"File"
"Corel.ImageFile.ColorMode","Color mode","{060c0f4f-0b9c-442a-bb9f-d84db3afce17}, 100",19,20,0,"ImageFile"
"Corel.ImageFile.ColorProfile","Color Profile","{060c0f4f-0b9c-442a-bb9f-d84db3afce17}, 101",31,20,0,"ImageFile"
"Corel.PropGroup.Color","Color","{2e04e82d-46a7-a480-404a-f66c3a0ae501}, 100",1,20,0,"PropGroup"
"Corel.PropGroup.GraphicObjects","Graphic objects","{01c02975-0db2-4dfe-80a1-324591d2ecbc}, 100",1,20,0,"PropGroup"
"Corel.Template.Folds","","{3964030c-8e1b-43a3-4f9d-1730878f9375}, 101",31,20,0,"Template"
"Corel.Template.Industry","","{3964030c-8e1b-43a3-4f9d-1730878f9375}, 103",31,20,0,"Template"
"Corel.Template.Sided","","{3964030c-8e1b-43a3-4f9d-1730878f9375}, 100",31,20,0,"Template"
"Corel.Template.Type","","{3964030c-8e1b-43a3-4f9d-1730878f9375}, 102",31,20,0,"Template"
"Icaros.AudioTracks","Audio tracks","{6f6b78a7-f4a2-4f9f-86b1-c6aaa6dec9a5}, 4",31,20,0,"AudioTracks"
"Icaros.BitDepth","Bit depth","{306f083e-e7a8-4315-a3b6-63e9564e00b8}, 8",19,20,0,"BitDepth"
"Icaros.ContainsChapters","Contains chapters","{3fa85462-4cb5-49f7-a8c9-a5e902befe90}, 7",11,20,0,"ContainsChapters"
"Icaros.ContentCompression","Content compression","{819b1e2d-989a-4346-a436-f2a8f67f19b3}, 6",31,20,0,"ContentCompression"
"Icaros.SubtitleGroup","Subtitles","{7ce8a423-7de1-461d-9cb9-a9f9798fb505}, 7",1,20,0,"SubtitleGroup"
"Icaros.SubtitleTracks","Subtitle tracks","{451b194c-28e4-4afe-b3c1-2a04e616359c}, 5",31,20,0,"SubtitleTracks"
"Icaros.VideoTracks","Video tracks","{ec59938f-e25e-4592-82e3-8013018edb74}, 3",31,20,0,"VideoTracks"
